perspective,query,title,summary,published,link,source
Producer,Ireland farmers agriculture dairy beef exports costs policy,"The Farming Week: Badger scheme, Brazil faces EU export ban and beef price pressure - Agriland","<a href=""https://news.google.com/rss/articles/CBMiwAFBVV95cUxOUXFDU3g4SEJrcHBHS1pjOFNxX2tjclQ5dHdWUDRYUVRTcWozLXFlNjYxSDJ6OGhwc2RGbkNsTUV2QXA2Q0NWemZfMTJ2b2N3ZVhVSDFlYUtzUUotR3VndVBlbDJjMWVpWWs5TXRGbHEtUEFMWXlnUzJydmZ2NTk1dnE4OThsdkdDem5OZ1ZQeVF0Qy15VXlhZUtQRENNanZST0JIQk4zNkdGOS0yUjhLN0I5bklpcFNmYzZqSzlRY2c?oc=5"" target=""_blank"">The Farming Week: Badger scheme, Brazil faces EU export ban and beef price pressure</a>&nbsp;&nbsp;<font color=""#6f6f6f"">Agriland</font>","Thu, 14 May 2026 16:02:04 GMT",https://news.google.com/rss/articles/CBMiwAFBVV95cUxOUXFDU3g4SEJrcHBHS1pjOFNxX2tjclQ5dHdWUDRYUVRTcWozLXFlNjYxSDJ6OGhwc2RGbkNsTUV2QXA2Q0NWemZfMTJ2b2N3ZVhVSDFlYUtzUUotR3VndVBlbDJjMWVpWWs5TXRGbHEtUEFMWXlnUzJydmZ2NTk1dnE4OThsdkdDem5OZ1ZQeVF0Qy15VXlhZUtQRENNanZST0JIQk4zNkdGOS0yUjhLN0I5bklpcFNmYzZqSzlRY2c?oc=5,Agriland
Producer,Ireland farmers agriculture dairy beef exports costs policy,Proposed live export rules could cut Ireland off from key cattle markets – exporters - Irish Independent,"<a href=""https://news.google.com/rss/articles/CBMi1gFBVV95cUxPTFFXMzZnUGdCMFc3Yy1VNVVab2QxcTQtaFZvQ0pjZkpqbnpGaVZtTUtsV3puM284cXd3RjhaNVBjdzdxQXZCaDR6aWVjM050NndYZE5kV3Z3dlRxZno2aVgzbFhpcjlkc0N2NVpBbEYtVTNYOWdveEFmX3JIVDd5cENVYUVQX1N3anpHUGVQdms0OElrRFNacVI5NGVYSGVhZnBqeXFiWDdYY1NqYWtRaGZCYUsxV3NrbWZWMmxEa3hob2JqOVkxRTN4eHl5MXJ4amlrN2JB?oc=5"" target=""_blank"">Proposed live export rules could cut Ireland off from key cattle markets – exporters</a>&nbsp;&nbsp;<font color=""#6f6f6f"">Irish Independent</font>","Mon, 30 Mar 2026 07:00:00 GMT",https://news.google.com/rss/articles/CBMi1gFBVV95cUxPTFFXMzZnUGdCMFc3Yy1VNVVab2QxcTQtaFZvQ0pjZkpqbnpGaVZtTUtsV3puM284cXd3RjhaNVBjdzdxQXZCaDR6aWVjM050NndYZE5kV3Z3dlRxZno2aVgzbFhpcjlkc0N2NVpBbEYtVTNYOWdveEFmX3JIVDd5cENVYUVQX1N3anpHUGVQdms0OElrRFNacVI5NGVYSGVhZnBqeXFiWDdYY1NqYWtRaGZCYUsxV3NrbWZWMmxEa3hob2JqOVkxRTN4eHl5MXJ4amlrN2JB?oc=5,Irish Independent
Producer,Ireland farmers agriculture dairy beef exports costs policy,"The Farming Week: Govt fuel cost support, beef production to drop and high calf prices - Agriland","<a href=""https://news.google.com/rss/articles/CBMixAFBVV95cUxOa1M1LWlGZ0FfWklOdHhlcllrUGlZWlV6SHNTTkw3bEhua3hPVVprdFBRSjhjWHVfU3VjSm43eHBtbTBpNFNhZGFRYzdfVXdYZEhGWHFaYzF0TXlRY2QwTUlNczJWQkI4R18wMlBFekRmZVFfQW5hZDJTTHNNcERSUXUtaGV4VTFPRkJvYnEyMkRodm5hTWNRWGVkMTR0VzVuYkg5TjhyV1RNNDZhZmNlQ0VPUXotNGJrMEpuX2lxd0ZIYWRH?oc=5"" target=""_blank"">The Farming Week: Govt fuel cost support, beef production to drop and high calf prices</a>&nbsp;&nbsp;<font color=""#6f6f6f"">Agriland</font>","Thu, 19 Mar 2026 17:12:52 GMT",https://news.google.com/rss/articles/CBMixAFBVV95cUxOa1M1LWlGZ0FfWklOdHhlcllrUGlZWlV6SHNTTkw3bEhua3hPVVprdFBRSjhjWHVfU3VjSm43eHBtbTBpNFNhZGFRYzdfVXdYZEhGWHFaYzF0TXlRY2QwTUlNczJWQkI4R18wMlBFekRmZVFfQW5hZDJTTHNNcERSUXUtaGV4VTFPRkJvYnEyMkRodm5hTWNRWGVkMTR0VzVuYkg5TjhyV1RNNDZhZmNlQ0VPUXotNGJrMEpuX2lxd0ZIYWRH?oc=5,Agriland
Producer,Ireland farmers agriculture dairy beef exports costs policy,The pros and cons for farming of closer EU alignment - Farmers Weekly,"<a href=""https://news.google.com/rss/articles/CBMiiwFBVV95cUxNZVhoMW1QTEZCal9OODljT0JyY1FEcnVWSmhZc1k5Q2JOb3QtYmpscDZEZUZjeG9ueDNIbmcyTmtrUlBuTlJ6THZWa25aVlZRaW9CX253dGVYZFE1QjRvdThYVGQzZ3padEEwVGlWOTBqVlltdFZfV1pIQU90MW9nX216OUFMT1NaZnE0?oc=5"" target=""_blank"">The pros and cons for farming of closer EU alignment</a>&nbsp;&nbsp;<font color=""#6f6f6f"">Farmers Weekly</font>","Thu, 09 Apr 2026 07:00:00 GMT",https://news.google.com/rss/articles/CBMiiwFBVV95cUxNZVhoMW1QTEZCal9OODljT0JyY1FEcnVWSmhZc1k5Q2JOb3QtYmpscDZEZUZjeG9ueDNIbmcyTmtrUlBuTlJ6THZWa25aVlZRaW9CX253dGVYZFE1QjRvdThYVGQzZ3padEEwVGlWOTBqVlltdFZfV1pIQU90MW9nX216OUFMT1NaZnE0?oc=5,Farmers Weekly
Producer,Ireland farmers agriculture dairy beef exports costs policy,Livestock Council Report February 2026 - Irish Farmers' Association,"<a href=""https://news.google.com/rss/articles/CBMie0FVX3lxTE5oVTE5NmlFaTd1Tk5RVzhJSjJza2xkRG54THlISDBqRjZrWGFSNjBkNUptVFloUDd6R3BrRGRSd09SMDhLd2VYbnk5QXpfRmFYWjRhb2VtdUJfc2VfV0xkTHhrSnZzeXhvUTY5QWhvc1VlM3RFVDZjQVdPbw?oc=5"" target=""_blank"">Livestock Council Report February 2026</a>&nbsp;&nbsp;<font color=""#6f6f6f"">Irish Farmers' Association</font>","Tue, 07 Apr 2026 07:00:00 GMT",https://news.google.com/rss/articles/CBMie0FVX3lxTE5oVTE5NmlFaTd1Tk5RVzhJSjJza2xkRG54THlISDBqRjZrWGFSNjBkNUptVFloUDd6R3BrRGRSd09SMDhLd2VYbnk5QXpfRmFYWjRhb2VtdUJfc2VfV0xkTHhrSnZzeXhvUTY5QWhvc1VlM3RFVDZjQVdPbw?oc=5,Irish Farmers' Association
Producer,Ireland farmers agriculture dairy beef exports costs policy,Live exports accelerating the herd decline - Irish Farmers Journal,"<a href=""https://news.google.com/rss/articles/CBMikwFBVV95cUxQaEluX0dCUzgyR0hxNS1JQjJtb0duUVQ2WXBOUVlYMllKdldOT2NoUVVYeGxzeHRnZk44cjBkWEo5VktyVWFRUTdoM2xVTVQxUkE4QUZzeEtkT2R1UnEtc1czWllETlZIRjZyUkFfdTVPUk1HV09NcWRkcTA2dGdrMTB4ZW5KQUVjRXZBcGhxV2JMUWM?oc=5"" target=""_blank"">Live exports accelerating the herd decline</a>&nbsp;&nbsp;<font color=""#6f6f6f"">Irish Farmers Journal</font>","Wed, 23 Apr 2025 07:00:00 GMT",https://news.google.com/rss/articles/CBMikwFBVV95cUxQaEluX0dCUzgyR0hxNS1JQjJtb0duUVQ2WXBOUVlYMllKdldOT2NoUVVYeGxzeHRnZk44cjBkWEo5VktyVWFRUTdoM2xVTVQxUkE4QUZzeEtkT2R1UnEtc1czWllETlZIRjZyUkFfdTVPUk1HV09NcWRkcTA2dGdrMTB4ZW5KQUVjRXZBcGhxV2JMUWM?oc=5,Irish Farmers Journal
Producer,Ireland farmers agriculture dairy beef exports costs policy,Outlook for cattle farming in 2025 - Teagasc | Agriculture and Food Development Authority,"<a href=""https://news.google.com/rss/articles/CBMifkFVX3lxTE1ndzk0T1ZtYjhzOE9za2VEN3BYUTJxT2ZPbHFvY2F2VkQ5eEttcE9XbTBPUFlHdE5ZTWY0U0dFZE5kUmFUMTZxcUk0ZUVyVWVrT2JCNl9laHBIUkpwamZoUmhTQy1oNzN5bFVST1VmVzJyQ2tHRlVUNmo3LXJ0dw?oc=5"" target=""_blank"">Outlook for cattle farming in 2025</a>&nbsp;&nbsp;<font color=""#6f6f6f"">Teagasc | Agriculture and Food Development Authority</font>","Wed, 11 Dec 2024 08:00:00 GMT",https://news.google.com/rss/articles/CBMifkFVX3lxTE1ndzk0T1ZtYjhzOE9za2VEN3BYUTJxT2ZPbHFvY2F2VkQ5eEttcE9XbTBPUFlHdE5ZTWY0U0dFZE5kUmFUMTZxcUk0ZUVyVWVrT2JCNl9laHBIUkpwamZoUmhTQy1oNzN5bFVST1VmVzJyQ2tHRlVUNmo3LXJ0dw?oc=5,Teagasc | Agriculture and Food Development Authority
Producer,Ireland farmers agriculture dairy beef exports costs policy,Mercosur trade deal will have uneven effects on EU countries - Le Monde.fr,"<a href=""https://news.google.com/rss/articles/CBMiyAFBVV95cUxPSjdsU0t4eDFKSWQwY0EwZm5PU0F5dVd2SnBQU19nRWhrSkpDSnlmVkhlbWhXMWJNWjZpcDFZTC1KYVdscjk5YkE1by1RNXo0Z0QydGdJeFFia21CcHNPaGIxM0RvdmFUd21VNFFickVxVVlZcjRNYmNPNi1XNU5EaGpnRkR5TFA5RjJxcWpiWG1MMDNfWDlET1VINGw2STl2MjQtR1F4d0xZcnJmNXVmUjdTc1hILWJIcUFNcnBkMzQyRUNvSVk3Wg?oc=5"" target=""_blank"">Mercosur trade deal will have uneven effects on EU countries</a>&nbsp;&nbsp;<font color=""#6f6f6f"">Le Monde.fr</font>","Sat, 17 Jan 2026 08:00:00 GMT",https://news.google.com/rss/articles/CBMiyAFBVV95cUxPSjdsU0t4eDFKSWQwY0EwZm5PU0F5dVd2SnBQU19nRWhrSkpDSnlmVkhlbWhXMWJNWjZpcDFZTC1KYVdscjk5YkE1by1RNXo0Z0QydGdJeFFia21CcHNPaGIxM0RvdmFUd21VNFFickVxVVlZcjRNYmNPNi1XNU5EaGpnRkR5TFA5RjJxcWpiWG1MMDNfWDlET1VINGw2STl2MjQtR1F4d0xZcnJmNXVmUjdTc1hILWJIcUFNcnBkMzQyRUNvSVk3Wg?oc=5,Le Monde.fr
Producer,Ireland farmers agriculture dairy beef exports costs policy,Agri-food faces challenges of 'competitiveness and resilience' - report - Agriland,"<a href=""https://news.google.com/rss/articles/CBMiqAFBVV95cUxNb2lHSXBWeVlnM240dzJRQktyX3RLTGNyb2NaV0NkLW9zczlmczZuUTBYZUlKYmppOUxoOEFwNS1sY3VPZjBjQmVFc1ZNRnRxeVFPWVVEWmJ2eS13bDBvUnlGdmRVa3lJZHhLOUtQZ002eWlUWmlqSmQ0YlAzRGJIMlN5TUtsMG53N2RYRWdoS0JTMWNlNjAxblE0TnZMZmU3LURLbl9BeVo?oc=5"" target=""_blank"">Agri-food faces challenges of 'competitiveness and resilience' - report</a>&nbsp;&nbsp;<font color=""#6f6f6f"">Agriland</font>","Tue, 24 Feb 2026 08:00:00 GMT",https://news.google.com/rss/articles/CBMiqAFBVV95cUxNb2lHSXBWeVlnM240dzJRQktyX3RLTGNyb2NaV0NkLW9zczlmczZuUTBYZUlKYmppOUxoOEFwNS1sY3VPZjBjQmVFc1ZNRnRxeVFPWVVEWmJ2eS13bDBvUnlGdmRVa3lJZHhLOUtQZ002eWlUWmlqSmQ0YlAzRGJIMlN5TUtsMG53N2RYRWdoS0JTMWNlNjAxblE0TnZMZmU3LURLbl9BeVo?oc=5,Agriland
Producer,Ireland farmers agriculture dairy beef exports costs policy,Farm org warns of food inflation as it calls for policy response on fertiliser - Agriland,"<a href=""https://news.google.com/rss/articles/CBMitwFBVV95cUxQVTNBbktnSnI5RnIzeHNJaTVOOW9ZS1kzYUlyMzhCMEwyNEc0U3JIRExjZ29WUHdjYWtfZWU0Sk5JNUxPYThkekhYelhVb0VQZ2hsdXJaSEE0ZXF5UVNoNlFLeFdsWUFIR1hmVmNiOEw0dFQ2SUM4bFdpOWNhUGlZRE5rSmg2MG9uUjdTVHRTeEM1U1pheldCTUFxaFc5UndSdmc1bm1yamFPZlYzd0NBeklhN3dRUmM?oc=5"" target=""_blank"">Farm org warns of food inflation as it calls for policy response on fertiliser</a>&nbsp;&nbsp;<font color=""#6f6f6f"">Agriland</font>","Fri, 20 Mar 2026 07:00:00 GMT",https://news.google.com/rss/articles/CBMitwFBVV95cUxQVTNBbktnSnI5RnIzeHNJaTVOOW9ZS1kzYUlyMzhCMEwyNEc0U3JIRExjZ29WUHdjYWtfZWU0Sk5JNUxPYThkekhYelhVb0VQZ2hsdXJaSEE0ZXF5UVNoNlFLeFdsWUFIR1hmVmNiOEw0dFQ2SUM4bFdpOWNhUGlZRE5rSmg2MG9uUjdTVHRTeEM1U1pheldCTUFxaFc5UndSdmc1bm1yamFPZlYzd0NBeklhN3dRUmM?oc=5,Agriland
Producer,Ireland farmers agriculture dairy beef exports costs policy,Bluetongue set to impact live cattle and sheep exports - minister - Agriland,"<a href=""https://news.google.com/rss/articles/CBMiowFBVV95cUxPeC10VmIzcExmOF9CbUpaaUNHUEs3ZW9nR3NEak03UjhHUExwVHMzdVBKc1V3ZWRCZjdsaUwxTzkxVy1CdmhQUzNOZjhKTmtuNzBWNHFwQ21LbkxEdWhYY2NhNWJEbmNXSVgyaHhxdENkb2szLWFGUExMczJpa2lnR2h6c3dZUkNpRl9uR3I3d25IMWF2NWwxS1VhaEtrT2ttUnkw?oc=5"" target=""_blank"">Bluetongue set to impact live cattle and sheep exports - minister</a>&nbsp;&nbsp;<font color=""#6f6f6f"">Agriland</font>","Sat, 24 Jan 2026 08:00:00 GMT",https://news.google.com/rss/articles/CBMiowFBVV95cUxPeC10VmIzcExmOF9CbUpaaUNHUEs3ZW9nR3NEak03UjhHUExwVHMzdVBKc1V3ZWRCZjdsaUwxTzkxVy1CdmhQUzNOZjhKTmtuNzBWNHFwQ21LbkxEdWhYY2NhNWJEbmNXSVgyaHhxdENkb2szLWFGUExMczJpa2lnR2h6c3dZUkNpRl9uR3I3d25IMWF2NWwxS1VhaEtrT2ttUnkw?oc=5,Agriland
Producer,Ireland farmers agriculture dairy beef exports costs policy,Proposed animal transport rules to 'effectively end' live exports - Agriland,"<a href=""https://news.google.com/rss/articles/CBMiowFBVV95cUxQenIzbkhybVF1bE1NaTRuckxXT3BNX3JaZk9pa2RkNlpHbjhTSFlhdlgzWmdZSmE0TVpZbkUtdFcwYUJxNWtEWjd4LXpkVTFpT2FrZldlYnR0dnp1aWdQYWJlOERJSXppbWJIbnAwOEpqMVhrMTVmQ1d5ak5weGpteHBVWEVJUGpLYXR6QUZEcllTTWI4N3ZHMmRwWElyeG1qcGtz?oc=5"" target=""_blank"">Proposed animal transport rules to 'effectively end' live exports</a>&nbsp;&nbsp;<font color=""#6f6f6f"">Agriland</font>","Wed, 25 Mar 2026 07:00:00 GMT",https://news.google.com/rss/articles/CBMiowFBVV95cUxQenIzbkhybVF1bE1NaTRuckxXT3BNX3JaZk9pa2RkNlpHbjhTSFlhdlgzWmdZSmE0TVpZbkUtdFcwYUJxNWtEWjd4LXpkVTFpT2FrZldlYnR0dnp1aWdQYWJlOERJSXppbWJIbnAwOEpqMVhrMTVmQ1d5ak5weGpteHBVWEVJUGpLYXR6QUZEcllTTWI4N3ZHMmRwWElyeG1qcGtz?oc=5,Agriland
Producer,Ireland farmers agriculture dairy beef exports costs policy,Varadkar's comments 'deeply misguided and risk creating a damaging divide' - Agriland,"<a href=""https://news.google.com/rss/articles/CBMirgFBVV95cUxQMTNBX0VqemNxMGVJdDJHeEVySmJ6dnc2MWQ3ZkRfZ2c4NVJLc1RUR2xtVHQ3V2VFc0dtZTFmWWN3cEdvTF8zaWpJYXNVc0l6amk1VEVtUFliTU1KN2hJYXo5TGhUS1NVNXRvTjBXY0ppQ2dCRFkyYVJmOXJMNW9FTGRKckk2UmRNZzF2Q0trcWpyUEhPa2tYYkx5ckdDWlZIUF9YbGRxTGFMUU1TS0E?oc=5"" target=""_blank"">Varadkar's comments 'deeply misguided and risk creating a damaging divide'</a>&nbsp;&nbsp;<font color=""#6f6f6f"">Agriland</font>","Mon, 20 Apr 2026 07:00:00 GMT",https://news.google.com/rss/articles/CBMirgFBVV95cUxQMTNBX0VqemNxMGVJdDJHeEVySmJ6dnc2MWQ3ZkRfZ2c4NVJLc1RUR2xtVHQ3V2VFc0dtZTFmWWN3cEdvTF8zaWpJYXNVc0l6amk1VEVtUFliTU1KN2hJYXo5TGhUS1NVNXRvTjBXY0ppQ2dCRFkyYVJmOXJMNW9FTGRKckk2UmRNZzF2Q0trcWpyUEhPa2tYYkx5ckdDWlZIUF9YbGRxTGFMUU1TS0E?oc=5,Agriland
Producer,Ireland farmers agriculture dairy beef exports costs policy,Watch: Minister rules out adding more farm orgs to Bord Bia board - Agriland,"<a href=""https://news.google.com/rss/articles/CBMipAFBVV95cUxNaXNoWUtVeFVLanhJYWRHVEZ5NTA1Y3ZYcTREbnJiM0RnTzNrZzlmRDZxNFpYd0VDYmtfcEJmeUxtZ3VRc2pFQ0xNd1FHYm9OWEpTSktSbG5GV25YNHBRYUVwM0U3Y2U2cHFFeURNbXlEWmhZcEhYM2xDZlk3Q2RoR3NLUUc4c05wZ0V0WkxvTWpUYlF4ZVR0NHJiaEhnaFBlZERTTA?oc=5"" target=""_blank"">Watch: Minister rules out adding more farm orgs to Bord Bia board</a>&nbsp;&nbsp;<font color=""#6f6f6f"">Agriland</font>","Tue, 10 Mar 2026 07:00:00 GMT",https://news.google.com/rss/articles/CBMipAFBVV95cUxNaXNoWUtVeFVLanhJYWRHVEZ5NTA1Y3ZYcTREbnJiM0RnTzNrZzlmRDZxNFpYd0VDYmtfcEJmeUxtZ3VRc2pFQ0xNd1FHYm9OWEpTSktSbG5GV25YNHBRYUVwM0U3Y2U2cHFFeURNbXlEWmhZcEhYM2xDZlk3Q2RoR3NLUUc4c05wZ0V0WkxvTWpUYlF4ZVR0NHJiaEhnaFBlZERTTA?oc=5,Agriland
Producer,Ireland farmers agriculture dairy beef exports costs policy,Suckler and beef farmers 'cannot continue' to operate at a loss - farm org - Agriland,"<a href=""https://news.google.com/rss/articles/CBMirAFBVV95cUxNdUFPOFRGekpxb0U2cmd3WFF4eXpBZUgtZXk5VE1hT01odG51SThteUs4cXF5Y1NRNmpXcy1BRUUtUnB6UFdUQkhfdkxRc3E3ZTNWWUp3MEhUN2I0Nm5wX3EzTWh6bUJ0WDMyZ1MzTExFdHlybFJHclNjVTRpVG96RG9pV2d3NzQ3VUI2NEtaZ1NtblBqeWdYSUgweGlfOUNISnZNNmliT0ZXVXRn?oc=5"" target=""_blank"">Suckler and beef farmers 'cannot continue' to operate at a loss - farm org</a>&nbsp;&nbsp;<font color=""#6f6f6f"">Agriland</font>","Tue, 24 Jun 2025 07:00:00 GMT",https://news.google.com/rss/articles/CBMirAFBVV95cUxNdUFPOFRGekpxb0U2cmd3WFF4eXpBZUgtZXk5VE1hT01odG51SThteUs4cXF5Y1NRNmpXcy1BRUUtUnB6UFdUQkhfdkxRc3E3ZTNWWUp3MEhUN2I0Nm5wX3EzTWh6bUJ0WDMyZ1MzTExFdHlybFJHclNjVTRpVG96RG9pV2d3NzQ3VUI2NEtaZ1NtblBqeWdYSUgweGlfOUNISnZNNmliT0ZXVXRn?oc=5,Agriland
Producer,Ireland farmers agriculture dairy beef exports costs policy,New EU rules 'strengthen position of Irish dairy farmers' in supply chain - Agriland,"<a href=""https://news.google.com/rss/articles/CBMirgFBVV95cUxNbXVrVi1rM0lfRHRQd29yVXhwWlFYQzRiejF6RTBEa2luSkMyQ1EzcVVBMTJEbnhtNFcxMHJzdktWQUd3dVdiSTF2OVJaTjg2cUxOLVFMWEFjbVpXeWFZbmRvT1Q2emRNbW10YUo5NU1OcmlBM2paV1dJZ2JjMmFvTkUtQXlXQ29HZ2lJTndtSHFoTGhMUF9Ca0Jja1VkVDMxR2l1WWhVU004cFR4Ymc?oc=5"" target=""_blank"">New EU rules 'strengthen position of Irish dairy farmers' in supply chain</a>&nbsp;&nbsp;<font color=""#6f6f6f"">Agriland</font>","Fri, 06 Mar 2026 08:00:00 GMT",https://news.google.com/rss/articles/CBMirgFBVV95cUxNbXVrVi1rM0lfRHRQd29yVXhwWlFYQzRiejF6RTBEa2luSkMyQ1EzcVVBMTJEbnhtNFcxMHJzdktWQUd3dVdiSTF2OVJaTjg2cUxOLVFMWEFjbVpXeWFZbmRvT1Q2emRNbW10YUo5NU1OcmlBM2paV1dJZ2JjMmFvTkUtQXlXQ29HZ2lJTndtSHFoTGhMUF9Ca0Jja1VkVDMxR2l1WWhVU004cFR4Ymc?oc=5,Agriland
Producer,Ireland farmers agriculture dairy beef exports costs policy,Irish dairy farm supplies cream for Baileys Irish Cream liqueur - Farm Progress,"<a href=""https://news.google.com/rss/articles/CBMinwFBVV95cUxNU1Z6QWtrenlJNzd1b3lIQVZ5MHprUGZpSTJqSHVEc29Kbk91amQwc2Uzc2Z3T2tjdWVhb0tVZmxRWW9VWnZDYmFwZUxYRlZ1Z2RpWmxPTGpYa1JzaU91d2R2Y1ZrVkl3MTl6QndGZGlQNGE3NTRUazJGdXdjSGduazBzelJoNE9ZbW1mRW5OWFZsLWNPNzM3cFNnTWlOVWc?oc=5"" target=""_blank"">Irish dairy farm supplies cream for Baileys Irish Cream liqueur</a>&nbsp;&nbsp;<font color=""#6f6f6f"">Farm Progress</font>","Wed, 02 Jul 2025 07:00:00 GMT",https://news.google.com/rss/articles/CBMinwFBVV95cUxNU1Z6QWtrenlJNzd1b3lIQVZ5MHprUGZpSTJqSHVEc29Kbk91amQwc2Uzc2Z3T2tjdWVhb0tVZmxRWW9VWnZDYmFwZUxYRlZ1Z2RpWmxPTGpYa1JzaU91d2R2Y1ZrVkl3MTl6QndGZGlQNGE3NTRUazJGdXdjSGduazBzelJoNE9ZbW1mRW5OWFZsLWNPNzM3cFNnTWlOVWc?oc=5,Farm Progress
Producer,Ireland farmers agriculture dairy beef exports costs policy,New Zealand red meat sector set for 'strong rebound' - report - Agriland,"<a href=""https://news.google.com/rss/articles/CBMimwFBVV95cUxOY01kMHA5ZlJ2bWpPbWxfN2JlZ295dUNiZ3FhQkV5QlRBeW55MER3NVBGbmxMNm9XS05RaGFuZ1pnV0c2dnR0eGNETHZvRm5vLTYyUXhkZGdmNU5qR29NWHB3enBjMWtRcEg5NjM3aHJ0UWFKdC1aaFc1ZHFIRzBBWjdTTEd1d2diRlNfdi1RUm8yNDlMZ2phZmd2cw?oc=5"" target=""_blank"">New Zealand red meat sector set for 'strong rebound' - report</a>&nbsp;&nbsp;<font color=""#6f6f6f"">Agriland</font>","Thu, 06 Mar 2025 08:00:00 GMT",https://news.google.com/rss/articles/CBMimwFBVV95cUxOY01kMHA5ZlJ2bWpPbWxfN2JlZ295dUNiZ3FhQkV5QlRBeW55MER3NVBGbmxMNm9XS05RaGFuZ1pnV0c2dnR0eGNETHZvRm5vLTYyUXhkZGdmNU5qR29NWHB3enBjMWtRcEg5NjM3aHJ0UWFKdC1aaFc1ZHFIRzBBWjdTTEd1d2diRlNfdi1RUm8yNDlMZ2phZmd2cw?oc=5,Agriland
Producer,Ireland farmers agriculture dairy beef exports costs policy,Livestock Council Report July 2025 - Irish Farmers' Association,"<a href=""https://news.google.com/rss/articles/CBMidkFVX3lxTE1nX05xOWY2RHM4ME5CTTZOUEdQV3RWdVlzWFhDVDZjVER2WDJQYjVVVWlRT2xhNldndi01R09GN1hwVDV4YTUxRnl6bXhlRFg2N093clYzampiQkRrcXgwSGZIRGcxakxNWXh5eUktUVV4ZklsVHc?oc=5"" target=""_blank"">Livestock Council Report July 2025</a>&nbsp;&nbsp;<font color=""#6f6f6f"">Irish Farmers' Association</font>","Wed, 16 Jul 2025 07:00:00 GMT",https://news.google.com/rss/articles/CBMidkFVX3lxTE1nX05xOWY2RHM4ME5CTTZOUEdQV3RWdVlzWFhDVDZjVER2WDJQYjVVVWlRT2xhNldndi01R09GN1hwVDV4YTUxRnl6bXhlRFg2N093clYzampiQkRrcXgwSGZIRGcxakxNWXh5eUktUVV4ZklsVHc?oc=5,Irish Farmers' Association
Producer,Ireland farmers agriculture dairy beef exports costs policy,Livestock Council Report March 2025 - Irish Farmers' Association,"<a href=""https://news.google.com/rss/articles/CBMid0FVX3lxTE9UU0FXZVNTV3c0T243eFpZMklLNzl6cXhQWkFlcXlOX3EwbHRpWFAxekRycTJKZ3k3TldUZmFzZ3lEcDkxeVNGNENPanVoV2ljUzBRZ01QR2hiSWdQenZ3VDZCR2RLTXN3Q29DT0tGYXBPQ1NsVWY4?oc=5"" target=""_blank"">Livestock Council Report March 2025</a>&nbsp;&nbsp;<font color=""#6f6f6f"">Irish Farmers' Association</font>","Wed, 19 Mar 2025 07:00:00 GMT",https://news.google.com/rss/articles/CBMid0FVX3lxTE9UU0FXZVNTV3c0T243eFpZMklLNzl6cXhQWkFlcXlOX3EwbHRpWFAxekRycTJKZ3k3TldUZmFzZ3lEcDkxeVNGNENPanVoV2ljUzBRZ01QR2hiSWdQenZ3VDZCR2RLTXN3Q29DT0tGYXBPQ1NsVWY4?oc=5,Irish Farmers' Association
Producer,Ireland farmers agriculture dairy beef exports costs policy,Farmers express concern over impact of bluetongue outbreak on live exports - Agriland,"<a href=""https://news.google.com/rss/articles/CBMisgFBVV95cUxPNUlBNC1nazNCbWczSVFESEVwXzZXMlJ1a2UwTDd0R0FpMWtBaWQ3MlJjckRSc0d6WUFRR2dOTWRaR3J5eXJvOTdYcnp5UjAzU05KLUpkakgxVGFyMEluRFJEZWtUeW9jWEhpQmlwWnZsaVJ2b3pQY3NjcjdkNWZoQlpZUWRFZ0Jha2F4cHJvWFZkaUk5OEQ5bnZfeVhqU0J4djJkS1Q1TkVieWVWVkplTmpn?oc=5"" target=""_blank"">Farmers express concern over impact of bluetongue outbreak on live exports</a>&nbsp;&nbsp;<font color=""#6f6f6f"">Agriland</font>","Sat, 24 Jan 2026 08:00:00 GMT",https://news.google.com/rss/articles/CBMisgFBVV95cUxPNUlBNC1nazNCbWczSVFESEVwXzZXMlJ1a2UwTDd0R0FpMWtBaWQ3MlJjckRSc0d6WUFRR2dOTWRaR3J5eXJvOTdYcnp5UjAzU05KLUpkakgxVGFyMEluRFJEZWtUeW9jWEhpQmlwWnZsaVJ2b3pQY3NjcjdkNWZoQlpZUWRFZ0Jha2F4cHJvWFZkaUk5OEQ5bnZfeVhqU0J4djJkS1Q1TkVieWVWVkplTmpn?oc=5,Agriland
Producer,Ireland farmers agriculture dairy beef exports costs policy,Argentina lifts 50-year live export ban - Agriland,"<a href=""https://news.google.com/rss/articles/CBMigwFBVV95cUxQQzUtU3pXNmVLWU9LVEQwVElrWklKZ0RtUV9yT01hd2Z2RkI2VTZuemI2OUNyQURaU1EycHU5aFQydWIxUVZxeVR4d0dwMG50WU1BY1hLRW84NXFHSkhhUVFQc3BQQnZYQWJlQ2hzYW9zcWwwWTdHX1lxek5LUWQ5N1NkQQ?oc=5"" target=""_blank"">Argentina lifts 50-year live export ban</a>&nbsp;&nbsp;<font color=""#6f6f6f"">Agriland</font>","Fri, 28 Feb 2025 08:00:00 GMT",https://news.google.com/rss/articles/CBMigwFBVV95cUxQQzUtU3pXNmVLWU9LVEQwVElrWklKZ0RtUV9yT01hd2Z2RkI2VTZuemI2OUNyQURaU1EycHU5aFQydWIxUVZxeVR4d0dwMG50WU1BY1hLRW84NXFHSkhhUVFQc3BQQnZYQWJlQ2hzYW9zcWwwWTdHX1lxek5LUWQ5N1NkQQ?oc=5,Agriland
Producer,Ireland farmers agriculture dairy beef exports costs policy,Beef imports: Ireland 'cannot unilaterally depart' from trade rules - Agriland,"<a href=""https://news.google.com/rss/articles/CBMipAFBVV95cUxPYXNjY0VPS2swaVctbWRXSkNuWWlyb0tUVzNXSkRiNUdhMi03dTg2TWtwWEVRWklrNDlqTk9FMXJRUGFWYWZYYUg4NTFPaWl0bHJDOHA2S1l4WFEwLWgtNHRFeGYteUxQN29yVjQyYnFwSVRHNmU4YWdHekJmbmJmR0luSWlYSHl2SU5VSDhuZEdETUFGOXg3MFgycTRGVEJ2ZFlTZQ?oc=5"" target=""_blank"">Beef imports: Ireland 'cannot unilaterally depart' from trade rules</a>&nbsp;&nbsp;<font color=""#6f6f6f"">Agriland</font>","Wed, 05 Jul 2023 07:00:00 GMT",https://news.google.com/rss/articles/CBMipAFBVV95cUxPYXNjY0VPS2swaVctbWRXSkNuWWlyb0tUVzNXSkRiNUdhMi03dTg2TWtwWEVRWklrNDlqTk9FMXJRUGFWYWZYYUg4NTFPaWl0bHJDOHA2S1l4WFEwLWgtNHRFeGYteUxQN29yVjQyYnFwSVRHNmU4YWdHekJmbmJmR0luSWlYSHl2SU5VSDhuZEdETUFGOXg3MFgycTRGVEJ2ZFlTZQ?oc=5,Agriland
Producer,Ireland farmers agriculture dairy beef exports costs policy,DAERA: New rules for 2026 Farm Sustainability Payment - Agriland,"<a href=""https://news.google.com/rss/articles/CBMilAFBVV95cUxQb3N2TF9EYkJsU3paQTVWYmc2dG5YOER3Znd3aU5HRXFSQkRrV1Y5djFTWGJWdDFVaGkzZGcwSTROMWQ3ZEhIcXdfblhENWNNSFo0YmJHaURMdUtFUTRkZlB6YkwyQ0k5US1YOEtMeUpBa0o3dl9Qb3E4cVRhRnVuYkxZQ3Bsd3hkRlZCeWdDak1jdjk0?oc=5"" target=""_blank"">DAERA: New rules for 2026 Farm Sustainability Payment</a>&nbsp;&nbsp;<font color=""#6f6f6f"">Agriland</font>","Mon, 05 Jan 2026 08:00:00 GMT",https://news.google.com/rss/articles/CBMilAFBVV95cUxQb3N2TF9EYkJsU3paQTVWYmc2dG5YOER3Znd3aU5HRXFSQkRrV1Y5djFTWGJWdDFVaGkzZGcwSTROMWQ3ZEhIcXdfblhENWNNSFo0YmJHaURMdUtFUTRkZlB6YkwyQ0k5US1YOEtMeUpBa0o3dl9Qb3E4cVRhRnVuYkxZQ3Bsd3hkRlZCeWdDak1jdjk0?oc=5,Agriland
Producer,Ireland farmers agriculture dairy beef exports costs policy,"CAP must remain a distinct, fully funded policy - Heydon - Agriland","<a href=""https://news.google.com/rss/articles/CBMilgFBVV95cUxPQ0I1R09OajFsNWZ5UkNNNkZ3anFBeVJVTk1Eb2UwY2k1OVNDSnVxWlJtczhsUm51Z2EtV1ZFdEtLQlpDd2R6NEQwVkttMHJRN2ZCVEhjMk5iZjZYRjFXRFJuMW82bWhZMWNXVERHUTlybFF1UDN2aFhLZC1ORmV0OHlLODBmcE5Pb1JsMlpzYzFFVkN4X0E?oc=5"" target=""_blank"">CAP must remain a distinct, fully funded policy - Heydon</a>&nbsp;&nbsp;<font color=""#6f6f6f"">Agriland</font>","Sun, 16 Nov 2025 08:00:00 GMT",https://news.google.com/rss/articles/CBMilgFBVV95cUxPQ0I1R09OajFsNWZ5UkNNNkZ3anFBeVJVTk1Eb2UwY2k1OVNDSnVxWlJtczhsUm51Z2EtV1ZFdEtLQlpDd2R6NEQwVkttMHJRN2ZCVEhjMk5iZjZYRjFXRFJuMW82bWhZMWNXVERHUTlybFF1UDN2aFhLZC1ORmV0OHlLODBmcE5Pb1JsMlpzYzFFVkN4X0E?oc=5,Agriland
Producer,Irish farmers food production agriculture income CAP,Proposed CAP payments cut for pensioners 'unacceptable' - SF - Agriland,"<a href=""https://news.google.com/rss/articles/CBMimgFBVV95cUxNNFIzTjQzRlpONWp5YjJ2eElDbGRaeWR6eFBwbXpNaXlBQVU0TTVnY09McG9YX1ZPZzNqZU1PSE55WmFWWVBmNjdtcVFTbHlNS3NHaGJwODVSNW1CWFpEVjA0U3hhY2lwaGtQU2JhVUYybUUwS0FjSEdMeWVzYURkRk9XTTRkMFhzMlJOX0d1YnRfMC1HdUUtbEJB?oc=5"" target=""_blank"">Proposed CAP payments cut for pensioners 'unacceptable' - SF</a>&nbsp;&nbsp;<font color=""#6f6f6f"">Agriland</font>","Thu, 14 May 2026 17:30:00 GMT",https://news.google.com/rss/articles/CBMimgFBVV95cUxNNFIzTjQzRlpONWp5YjJ2eElDbGRaeWR6eFBwbXpNaXlBQVU0TTVnY09McG9YX1ZPZzNqZU1PSE55WmFWWVBmNjdtcVFTbHlNS3NHaGJwODVSNW1CWFpEVjA0U3hhY2lwaGtQU2JhVUYybUUwS0FjSEdMeWVzYURkRk9XTTRkMFhzMlJOX0d1YnRfMC1HdUUtbEJB?oc=5,Agriland
Producer,Irish farmers food production agriculture income CAP,PROPOSED CAP ELIGIBILITY CHANGES RISK EXCLUDING GENUINE FOOD PRODUCERS - ICSA Ireland,"<a href=""https://news.google.com/rss/articles/CBMimgFBVV95cUxPVXg5SnNuWUR3T2UxZDNRZE10bDhVbHA5cXR4Mm5mT05uYTVjNTNmckFvTkpkSEdwUzFmSUJ3bHBVOUg2RGdMcTBNNUJsSFN5cWpPb0JkeXR0aW9nVjIxRjlvd3pHbFdSUTNaT295Y2xjUzNfUVFHcWYzWGkzZzFqX051b0xwb3BJZVJmUTJvdnJuMUNiMUtHOTJR?oc=5"" target=""_blank"">PROPOSED CAP ELIGIBILITY CHANGES RISK EXCLUDING GENUINE FOOD PRODUCERS</a>&nbsp;&nbsp;<font color=""#6f6f6f"">ICSA Ireland</font>","Fri, 01 May 2026 07:00:00 GMT",https://news.google.com/rss/articles/CBMimgFBVV95cUxPVXg5SnNuWUR3T2UxZDNRZE10bDhVbHA5cXR4Mm5mT05uYTVjNTNmckFvTkpkSEdwUzFmSUJ3bHBVOUg2RGdMcTBNNUJsSFN5cWpPb0JkeXR0aW9nVjIxRjlvd3pHbFdSUTNaT295Y2xjUzNfUVFHcWYzWGkzZzFqX051b0xwb3BJZVJmUTJvdnJuMUNiMUtHOTJR?oc=5,ICSA Ireland
Producer,Irish farmers food production agriculture income CAP,ICSA sounds alarm on Commission's CAP thinking with part-time farmers - Irish Farmers Journal,"<a href=""https://news.google.com/rss/articles/CBMitgFBVV95cUxNWjZjTktoUE1wcGVGcVMzbnZ1S21Tb08tWGR4ZXAtNnZRdFU3SzVoLXhZREc5YnVjQmsxa1JsUzMwZEpveklPa0lFLTFJcUxOa0UwenNudUd5b0xucmlPZi0wdUdUMlNXRGhyRHVaOEpxbGVwOU1vZ0Rla0x2QnBCaTc2c1VBOHRMejBtNzBSUWhNREQ3eklGZkp2dFlieWthYlBxWjlaTDQwcUZHZ1p4cGFiX2tRQQ?oc=5"" target=""_blank"">ICSA sounds alarm on Commission's CAP thinking with part-time farmers</a>&nbsp;&nbsp;<font color=""#6f6f6f"">Irish Farmers Journal</font>","Fri, 01 May 2026 07:00:00 GMT",https://news.google.com/rss/articles/CBMitgFBVV95cUxNWjZjTktoUE1wcGVGcVMzbnZ1S21Tb08tWGR4ZXAtNnZRdFU3SzVoLXhZREc5YnVjQmsxa1JsUzMwZEpveklPa0lFLTFJcUxOa0UwenNudUd5b0xucmlPZi0wdUdUMlNXRGhyRHVaOEpxbGVwOU1vZ0Rla0x2QnBCaTc2c1VBOHRMejBtNzBSUWhNREQ3eklGZkp2dFlieWthYlBxWjlaTDQwcUZHZ1p4cGFiX2tRQQ?oc=5,Irish Farmers Journal
Producer,Irish farmers food production agriculture income CAP,IFA Delegation Discusses Farming Priorities for Irish Presidency of EU - Irish Farmers' Association,"<a href=""https://news.google.com/rss/articles/CBMipgFBVV95cUxPSWlYWlhlMTFrNVE0V3VpcDA5cHQ5R1FxOV9RTnZzQWhwY1RWMlRFVll1NG95clRlOHpTa2pxbjFpRHZkbE5NbGRQX2FWRUJQaTFUNzlJSUcwckVkVzVtejdVekwwbXI3U2FKYi1neXVrcXg5cHg4bFVUYmgzUHdURjRxY3dXWTBsN3NLa0ExLTFmX3lDREliYzQ5Y2RtU3h2Vkp1cm5n?oc=5"" target=""_blank"">IFA Delegation Discusses Farming Priorities for Irish Presidency of EU</a>&nbsp;&nbsp;<font color=""#6f6f6f"">Irish Farmers' Association</font>","Wed, 18 Feb 2026 08:00:00 GMT",https://news.google.com/rss/articles/CBMipgFBVV95cUxPSWlYWlhlMTFrNVE0V3VpcDA5cHQ5R1FxOV9RTnZzQWhwY1RWMlRFVll1NG95clRlOHpTa2pxbjFpRHZkbE5NbGRQX2FWRUJQaTFUNzlJSUcwckVkVzVtejdVekwwbXI3U2FKYi1neXVrcXg5cHg4bFVUYmgzUHdURjRxY3dXWTBsN3NLa0ExLTFmX3lDREliYzQ5Y2RtU3h2Vkp1cm5n?oc=5,Irish Farmers' Association
Producer,Irish farmers food production agriculture income CAP,ICMSA proposes definition of 'active farmer' for next CAP - Agriland,"<a href=""https://news.google.com/rss/articles/CBMimAFBVV95cUxPMUJUVzhvV1FodUthbXpqLWxQS1lidzE1aHpHSjEzMHpLRFEwX190aW9yUF9vaDNWQUtxWUNpTXNHUDhFeWZCdk9yR0VWRVVCMHZyd3BKZm1vUDNOTjZjeUt4VDI1TVhUNHhKTVR6c28xdk9TUm9oamE3aTdqQ1pndzA3cVlKZTlPUFctSmIyVXlMYW1saWhhcg?oc=5"" target=""_blank"">ICMSA proposes definition of 'active farmer' for next CAP</a>&nbsp;&nbsp;<font color=""#6f6f6f"">Agriland</font>","Tue, 12 May 2026 07:00:00 GMT",https://news.google.com/rss/articles/CBMimAFBVV95cUxPMUJUVzhvV1FodUthbXpqLWxQS1lidzE1aHpHSjEzMHpLRFEwX190aW9yUF9vaDNWQUtxWUNpTXNHUDhFeWZCdk9yR0VWRVVCMHZyd3BKZm1vUDNOTjZjeUt4VDI1TVhUNHhKTVR6c28xdk9TUm9oamE3aTdqQ1pndzA3cVlKZTlPUFctSmIyVXlMYW1saWhhcg?oc=5,Agriland
Producer,Irish farmers food production agriculture income CAP,"CAP proposals risk hitting productive family farms, say processors - Irish Examiner","<a href=""https://news.google.com/rss/articles/CBMiZ0FVX3lxTFBBWUp5M0VlaElfRDRLcHNvUGZIVFNObk5HaFgxTURUQkw5eUVadkxTWE81ZjV4Z2FSblpMT3dBdG5fNHlBNklESXpxeVFqS0ctUXlDNDNaa3VJV2xBNlJFV2RoNlh4NVU?oc=5"" target=""_blank"">CAP proposals risk hitting productive family farms, say processors</a>&nbsp;&nbsp;<font color=""#6f6f6f"">Irish Examiner</font>","Wed, 07 Jan 2026 08:00:00 GMT",https://news.google.com/rss/articles/CBMiZ0FVX3lxTFBBWUp5M0VlaElfRDRLcHNvUGZIVFNObk5HaFgxTURUQkw5eUVadkxTWE81ZjV4Z2FSblpMT3dBdG5fNHlBNklESXpxeVFqS0ctUXlDNDNaa3VJV2xBNlJFV2RoNlh4NVU?oc=5,Irish Examiner
Producer,Irish farmers food production agriculture income CAP,Minister calls for 'fair and effective' CAP post-2027 income support - Agriland,"<a href=""https://news.google.com/rss/articles/CBMipwFBVV95cUxPMTNaTVphT3RjWjBkNE9JRFJXZDNDdlNGVmViWkllQmZHcU1VbDNCRzRXZ1NnTmtaV3VBSjFlQm1QOVZWUHhjeDhOUXFIX2hqUWlzckFCSTRQMzE0Vjl3QjZlNnBFRUZEQ29CN00waEFsTWVGVElFaHZZeUZfUVNVTXVENnVOQTAxWHBNMDR5eGFncUdJZ3BDUUI5M1AzX09aQ3cxWHZ2MA?oc=5"" target=""_blank"">Minister calls for 'fair and effective' CAP post-2027 income support</a>&nbsp;&nbsp;<font color=""#6f6f6f"">Agriland</font>","Mon, 27 Apr 2026 07:00:00 GMT",https://news.google.com/rss/articles/CBMipwFBVV95cUxPMTNaTVphT3RjWjBkNE9JRFJXZDNDdlNGVmViWkllQmZHcU1VbDNCRzRXZ1NnTmtaV3VBSjFlQm1QOVZWUHhjeDhOUXFIX2hqUWlzckFCSTRQMzE0Vjl3QjZlNnBFRUZEQ29CN00waEFsTWVGVElFaHZZeUZfUVNVTXVENnVOQTAxWHBNMDR5eGFncUdJZ3BDUUI5M1AzX09aQ3cxWHZ2MA?oc=5,Agriland
Producer,Irish farmers food production agriculture income CAP,Farm orgs raise CAP budget criticism with top EU agri official - Agriland,"<a href=""https://news.google.com/rss/articles/CBMiogFBVV95cUxOWnFqVk50N1RUcmd2NlpBSTdIczRsZHFUcF9Bb3JxUXpKR2ZKeFdwc25MUDZhRGVZSDRuTTlETTE4aDkyWnh1Zk9wbkpQRjFNOVhFc0M1aVZfLS1UdzZOVTNQeldxbG5wSU5aa3VWYUJ4aElndHVaM0VHNXVMcGN6WncxZ3ljeGMxOWd0QndKUGJFV3A5cU5tZ0d1cU0zZFkyclE?oc=5"" target=""_blank"">Farm orgs raise CAP budget criticism with top EU agri official</a>&nbsp;&nbsp;<font color=""#6f6f6f"">Agriland</font>","Sat, 21 Mar 2026 07:00:00 GMT",https://news.google.com/rss/articles/CBMiogFBVV95cUxOWnFqVk50N1RUcmd2NlpBSTdIczRsZHFUcF9Bb3JxUXpKR2ZKeFdwc25MUDZhRGVZSDRuTTlETTE4aDkyWnh1Zk9wbkpQRjFNOVhFc0M1aVZfLS1UdzZOVTNQeldxbG5wSU5aa3VWYUJ4aElndHVaM0VHNXVMcGN6WncxZ3ljeGMxOWd0QndKUGJFV3A5cU5tZ0d1cU0zZFkyclE?oc=5,Agriland
Producer,Irish farmers food production agriculture income CAP,Higher food prices and additional support payments increase family farm incomes by 87% - The Journal,"<a href=""https://news.google.com/rss/articles/CBMixwFBVV95cUxNQi02YzZnZHJodXVvVE9HdHJhY0owbFhnZm5WdlJ1LUZxQ0RUcFBtVURhVkVpM2tqaWg2aUgwZEpoYVJZaXhhNDhLSzMtWnZMTDNxV1NVVVV5Mko0dFRsSWktZE5PTVBxaWtFdFpQSDRlem9rN2Z4YTBXSVByS0c1OG50ZzZrR3lfZVVQclpuRTNGZ1QzLXZkaXhzRnd4UEFQbFdOUXdoLWRITVVEUng1ZXJPTWY0U2FhRC1NTF9PMF9RZFhTVXRz?oc=5"" target=""_blank"">Higher food prices and additional support payments increase family farm incomes by 87%</a>&nbsp;&nbsp;<font color=""#6f6f6f"">The Journal</font>","Mon, 23 Jun 2025 07:00:00 GMT",https://news.google.com/rss/articles/CBMixwFBVV95cUxNQi02YzZnZHJodXVvVE9HdHJhY0owbFhnZm5WdlJ1LUZxQ0RUcFBtVURhVkVpM2tqaWg2aUgwZEpoYVJZaXhhNDhLSzMtWnZMTDNxV1NVVVV5Mko0dFRsSWktZE5PTVBxaWtFdFpQSDRlem9rN2Z4YTBXSVByS0c1OG50ZzZrR3lfZVVQclpuRTNGZ1QzLXZkaXhzRnd4UEFQbFdOUXdoLWRITVVEUng1ZXJPTWY0U2FhRC1NTF9PMF9RZFhTVXRz?oc=5,The Journal
Producer,Irish farmers food production agriculture income CAP,Need for 'better targeted supports' to protect farm incomes - study - Agriland,"<a href=""https://news.google.com/rss/articles/CBMiowFBVV95cUxQRXZkUGstNVZHZmtScGtFTVpGelQyMnB4OWc3MjF2amNwS2hIMXdsa2U3WWhUaGhvWEpPZWYtR2MwcmhfYkp4LVdPUWhkNkxSZWtVYngzc2tVamFHTV9yMm41NU9SR0lZQ0pGSXJwOGoyQjljZElOZ1FIcTBCZ2QwZHJxUk85MGpSWEkta3dtaUpmN1dkSzZaSVV3WEo5UnNfRUEw?oc=5"" target=""_blank"">Need for 'better targeted supports' to protect farm incomes - study</a>&nbsp;&nbsp;<font color=""#6f6f6f"">Agriland</font>","Thu, 19 Mar 2026 07:00:00 GMT",https://news.google.com/rss/articles/CBMiowFBVV95cUxQRXZkUGstNVZHZmtScGtFTVpGelQyMnB4OWc3MjF2amNwS2hIMXdsa2U3WWhUaGhvWEpPZWYtR2MwcmhfYkp4LVdPUWhkNkxSZWtVYngzc2tVamFHTV9yMm41NU9SR0lZQ0pGSXJwOGoyQjljZElOZ1FIcTBCZ2QwZHJxUk85MGpSWEkta3dtaUpmN1dkSzZaSVV3WEo5UnNfRUEw?oc=5,Agriland
Producer,Irish farmers food production agriculture income CAP,Only genuine active farmers should be eligible for CAP money - IFA - Irish Farmers Journal,"<a href=""https://news.google.com/rss/articles/CBMisAFBVV95cUxQaV93ajYyS0hYcF83a0V2Mjk4MjlhMUIzX1FvQWd1djZKX2pjZ1VBV0Q1eUluT0xMOFlFRHpkV2kyVDJnb0gzLTJ1QkQwUWZoa013Yl9aVGRBOER3NEZUWk5GTDJUUGR3ZDJJQWNiM1ZUNnBfMjR1Yk1hb1habDlsR3FXNDI2Q0tEU2UydHQ1dk1PU0pINjk1d3JPZ3R5dE4tNHpHbEgwNFZES3V2cDFudQ?oc=5"" target=""_blank"">Only genuine active farmers should be eligible for CAP money - IFA</a>&nbsp;&nbsp;<font color=""#6f6f6f"">Irish Farmers Journal</font>","Tue, 24 Jun 2025 07:00:00 GMT",https://news.google.com/rss/articles/CBMisAFBVV95cUxQaV93ajYyS0hYcF83a0V2Mjk4MjlhMUIzX1FvQWd1djZKX2pjZ1VBV0Q1eUluT0xMOFlFRHpkV2kyVDJnb0gzLTJ1QkQwUWZoa013Yl9aVGRBOER3NEZUWk5GTDJUUGR3ZDJJQWNiM1ZUNnBfMjR1Yk1hb1habDlsR3FXNDI2Q0tEU2UydHQ1dk1PU0pINjk1d3JPZ3R5dE4tNHpHbEgwNFZES3V2cDFudQ?oc=5,Irish Farmers Journal
Producer,Irish farmers food production agriculture income CAP,EU agri chief wants CAP money going to those 'actively producing' - Agriland,"<a href=""https://news.google.com/rss/articles/CBMiowFBVV95cUxPMFN2SDhaUnYxUWNpc3Jia0xMSHgwLXllNlVwZk9PMVRTbXpJVDBRejdIdHFLdjROak82ejJaUThVWlRYUkZqMDZ4MlFkNk94YUtLR25hWG9PV3dQMFQ5RXc4TFJMbjg0TExZUUo5SUFwWmRWSU1NOGNPcXJ6Yzd1THlra2VUSUVBUG1YUS1LOE5tbG8xd2haQ0xaUlpMWURYeUkw?oc=5"" target=""_blank"">EU agri chief wants CAP money going to those 'actively producing'</a>&nbsp;&nbsp;<font color=""#6f6f6f"">Agriland</font>","Fri, 06 Feb 2026 08:00:00 GMT",https://news.google.com/rss/articles/CBMiowFBVV95cUxPMFN2SDhaUnYxUWNpc3Jia0xMSHgwLXllNlVwZk9PMVRTbXpJVDBRejdIdHFLdjROak82ejJaUThVWlRYUkZqMDZ4MlFkNk94YUtLR25hWG9PV3dQMFQ5RXc4TFJMbjg0TExZUUo5SUFwWmRWSU1NOGNPcXJ6Yzd1THlra2VUSUVBUG1YUS1LOE5tbG8xd2haQ0xaUlpMWURYeUkw?oc=5,Agriland
Producer,Irish farmers food production agriculture income CAP,Watch: All to play for in CAP budget negotiations - Agriland,"<a href=""https://news.google.com/rss/articles/CBMijwFBVV95cUxPempqVUpwQzJMVWVYWHF3RjVpblRReTE2dzNHdFI2NDlBUHlkczRYcE56UEY4RzJNSmZPRjhHRHRBUVIxOHgzeFhkTWw1YjlOc0VkMjhhb01FSEp3NURCLVRFZnlWVlBZN3JJald6RE12VTlIWlVRYXQwNk9ZWWROWW1yZWJIa09sc0ZyMUFVQQ?oc=5"" target=""_blank"">Watch: All to play for in CAP budget negotiations</a>&nbsp;&nbsp;<font color=""#6f6f6f"">Agriland</font>","Thu, 23 Apr 2026 07:00:00 GMT",https://news.google.com/rss/articles/CBMijwFBVV95cUxPempqVUpwQzJMVWVYWHF3RjVpblRReTE2dzNHdFI2NDlBUHlkczRYcE56UEY4RzJNSmZPRjhHRHRBUVIxOHgzeFhkTWw1YjlOc0VkMjhhb01FSEp3NURCLVRFZnlWVlBZN3JJald6RE12VTlIWlVRYXQwNk9ZWWROWW1yZWJIa09sc0ZyMUFVQQ?oc=5,Agriland
Producer,Irish farmers food production agriculture income CAP,'Widened' income gap and gender disparities in CAP payments highlighted - Agriland,"<a href=""https://news.google.com/rss/articles/CBMiqwFBVV95cUxPSlJFcGwyQWNtV0otWFlkZlIwbnNOZVRpZnNZX1dRNnNlNV95SWJsa0pwWm5jYzc1X0ZYVlVoVWx2bl9SU3lpSkdJYjkyR0ptUnZBeDdyNHFuWjg4TGpxT2JvUjBxXzZJU2U0QlB1OTREUjE2QXZoSnFuVVdsYzA5QUtJUUVFYlk0U09wUVJ6M3pLNWo2eEFZTS1Nb0lVNC1YaFZXZXlyNWtfMkE?oc=5"" target=""_blank"">'Widened' income gap and gender disparities in CAP payments highlighted</a>&nbsp;&nbsp;<font color=""#6f6f6f"">Agriland</font>","Wed, 18 Mar 2026 07:00:00 GMT",https://news.google.com/rss/articles/CBMiqwFBVV95cUxPSlJFcGwyQWNtV0otWFlkZlIwbnNOZVRpZnNZX1dRNnNlNV95SWJsa0pwWm5jYzc1X0ZYVlVoVWx2bl9SU3lpSkdJYjkyR0ptUnZBeDdyNHFuWjg4TGpxT2JvUjBxXzZJU2U0QlB1OTREUjE2QXZoSnFuVVdsYzA5QUtJUUVFYlk0U09wUVJ6M3pLNWo2eEFZTS1Nb0lVNC1YaFZXZXlyNWtfMkE?oc=5,Agriland
Producer,Irish farmers food production agriculture income CAP,Commissioners told current CAP budget proposal is 'hopelessly inadequate' - Agriland,"<a href=""https://news.google.com/rss/articles/CBMirgFBVV95cUxNLXFndGNidTZkNER4akhNckNqXzU3Yno2VVdUU3JnVWkyMkFnaDU3bFNGWUxoY2dPendEYUtUQmFjSU1hdzFPb00wZVUwckV5SUpMVDVlb3Z4X2FHOU5BbWRJcHRBOF9VZXpEbWFOeEtEcEQ2UV90cHY1NjNjQVlhdDZmMDBUdldhZVFSRlRYSkQ3dWdzVkN2bUlyeFdwS0thZUFabU5QX1hmRG4zZlE?oc=5"" target=""_blank"">Commissioners told current CAP budget proposal is 'hopelessly inadequate'</a>&nbsp;&nbsp;<font color=""#6f6f6f"">Agriland</font>","Tue, 03 Feb 2026 08:00:00 GMT",https://news.google.com/rss/articles/CBMirgFBVV95cUxNLXFndGNidTZkNER4akhNckNqXzU3Yno2VVdUU3JnVWkyMkFnaDU3bFNGWUxoY2dPendEYUtUQmFjSU1hdzFPb00wZVUwckV5SUpMVDVlb3Z4X2FHOU5BbWRJcHRBOF9VZXpEbWFOeEtEcEQ2UV90cHY1NjNjQVlhdDZmMDBUdldhZVFSRlRYSkQ3dWdzVkN2bUlyeFdwS0thZUFabU5QX1hmRG4zZlE?oc=5,Agriland
Producer,Irish farmers food production agriculture income CAP,'Disaster' CAP risks Irish farmers facing a shortfall of at least €2.3bn - ICSA - Agriland,"<a href=""https://news.google.com/rss/articles/CBMiswFBVV95cUxPbHdCbDc0dnlSbnVsVnRyX0RIU1NtdWtiMWUxc052eDdvUTREZllLSmJJNUdmWS13anBpa2UyMEFjN2d3UmxQNVhaYzAzTmxka1J5TEtKekhQLVZIWmJrb3NUR19ZMzd3Vm1MVGJLR2hlY2NpdGxtc2l5YU5ucF82U3R3d3Jha2VLc3M4WlpTN3YySGtOTFlRVGludU01bDV2Q3l5aHM3QjgzOVZjQmtLTTJxaw?oc=5"" target=""_blank"">'Disaster' CAP risks Irish farmers facing a shortfall of at least €2.3bn - ICSA</a>&nbsp;&nbsp;<font color=""#6f6f6f"">Agriland</font>","Fri, 03 Oct 2025 07:00:00 GMT",https://news.google.com/rss/articles/CBMiswFBVV95cUxPbHdCbDc0dnlSbnVsVnRyX0RIU1NtdWtiMWUxc052eDdvUTREZllLSmJJNUdmWS13anBpa2UyMEFjN2d3UmxQNVhaYzAzTmxka1J5TEtKekhQLVZIWmJrb3NUR19ZMzd3Vm1MVGJLR2hlY2NpdGxtc2l5YU5ucF82U3R3d3Jha2VLc3M4WlpTN3YySGtOTFlRVGludU01bDV2Q3l5aHM3QjgzOVZjQmtLTTJxaw?oc=5,Agriland
Producer,Irish farmers food production agriculture income CAP,Ireland's family farms face a 'fight for survival' - agri committee chair - Agriland,"<a href=""https://news.google.com/rss/articles/CBMiqgFBVV95cUxOejREYmV4d3lYVlNReWZDX3RmUW5oNmpKM0QyVXFqcEZ0ZXJXNHlQblJ2V0d2RVhicklRV0E2am0xcUs3YmptMjNpQmFCYmN1WEJuSGNPeHhCVXNxZTFlNDVSQ1BZSEtycjdYa3VULXdmMVdFMEtJT3FMSE5ORkZtSUZ2cUNBU0dCa1dfNksxVmlJbjRsLW5walFsandiVUIxVVctN2syaElEZw?oc=5"" target=""_blank"">Ireland's family farms face a 'fight for survival' - agri committee chair</a>&nbsp;&nbsp;<font color=""#6f6f6f"">Agriland</font>","Tue, 30 Sep 2025 07:00:00 GMT",https://news.google.com/rss/articles/CBMiqgFBVV95cUxOejREYmV4d3lYVlNReWZDX3RmUW5oNmpKM0QyVXFqcEZ0ZXJXNHlQblJ2V0d2RVhicklRV0E2am0xcUs3YmptMjNpQmFCYmN1WEJuSGNPeHhCVXNxZTFlNDVSQ1BZSEtycjdYa3VULXdmMVdFMEtJT3FMSE5ORkZtSUZ2cUNBU0dCa1dfNksxVmlJbjRsLW5walFsandiVUIxVVctN2syaElEZw?oc=5,Agriland
Producer,Irish farmers food production agriculture income CAP,IFA wants 'farm activity' scheme for active farmers in CAP demands - Agriland,"<a href=""https://news.google.com/rss/articles/CBMipAFBVV95cUxOaVdreENpQnRmUUpkU2dTbGJBNllFSTl4b3JybTdxMVFCcmVOWWRuV3BtRHQ2LWtlQXZHNXJyaWlDNFRmRm1xRWNEem9jWUlFVnlFSE4yOTdOZUlzV1hJOTNwZE9NdTFKUlRtR1NhdmRIbk56WVFWU2tHLWxwOGFadEFnT2VIM1pyVEFqblR4VVg2VGtYZFUyR0RKTEU2ZHdxX0dZZA?oc=5"" target=""_blank"">IFA wants 'farm activity' scheme for active farmers in CAP demands</a>&nbsp;&nbsp;<font color=""#6f6f6f"">Agriland</font>","Tue, 24 Jun 2025 07:00:00 GMT",https://news.google.com/rss/articles/CBMipAFBVV95cUxOaVdreENpQnRmUUpkU2dTbGJBNllFSTl4b3JybTdxMVFCcmVOWWRuV3BtRHQ2LWtlQXZHNXJyaWlDNFRmRm1xRWNEem9jWUlFVnlFSE4yOTdOZUlzV1hJOTNwZE9NdTFKUlRtR1NhdmRIbk56WVFWU2tHLWxwOGFadEFnT2VIM1pyVEFqblR4VVg2VGtYZFUyR0RKTEU2ZHdxX0dZZA?oc=5,Agriland
Producer,Irish farmers food production agriculture income CAP,EU CAP plan 'sends a chilling message' on farm incomes - ICSA - Agriland,"<a href=""https://news.google.com/rss/articles/CBMimwFBVV95cUxOcEhPX3ctQnJqNDl3LVZycFl4NEpkLTNrOEtUV1gwc0g0c3ZCczRheWtVOGJvbTJfb2tvaFp5VEdGdE9qMTBqYlNlYjdvSEg5ZDlzZDlpSFc5dTRHWVROc0VSSFJGQW80VlhIVWhMYXBNYm1HMDVIM3ZjbUxiYi1EVDdaMWh0SWp2ZGduZkFGRGpZb0FmM29hTEZ2dw?oc=5"" target=""_blank"">EU CAP plan 'sends a chilling message' on farm incomes - ICSA</a>&nbsp;&nbsp;<font color=""#6f6f6f"">Agriland</font>","Fri, 18 Jul 2025 07:00:00 GMT",https://news.google.com/rss/articles/CBMimwFBVV95cUxOcEhPX3ctQnJqNDl3LVZycFl4NEpkLTNrOEtUV1gwc0g0c3ZCczRheWtVOGJvbTJfb2tvaFp5VEdGdE9qMTBqYlNlYjdvSEg5ZDlzZDlpSFc5dTRHWVROc0VSSFJGQW80VlhIVWhMYXBNYm1HMDVIM3ZjbUxiYi1EVDdaMWh0SWp2ZGduZkFGRGpZb0FmM29hTEZ2dw?oc=5,Agriland
Producer,Irish farmers food production agriculture income CAP,Current CAP cycle has had 'relatively modest' impact on incomes - analysis - Agriland,"<a href=""https://news.google.com/rss/articles/CBMirAFBVV95cUxOSFJ5M2lEUEhYdVlONEJQN3Z5dlJudWw0UVpZQUhTZDBFbWk3SzU0WEJQR05BMlc0V0gwVzlSN3d0c1FpdkNpeUZoNU02X1N2RGdOSzM3cENuaFhKX3dhNjVlUnpEUkFYWkpKVjlZbkZ3TlpRY0otOUtCMTRWZDdQSXNmNzNVNndXNC1VVm9EUkhQa3dtZGNlX2xvekN1bXFVZk53bmh4Z0F6QTl2?oc=5"" target=""_blank"">Current CAP cycle has had 'relatively modest' impact on incomes - analysis</a>&nbsp;&nbsp;<font color=""#6f6f6f"">Agriland</font>","Fri, 02 Jan 2026 08:00:00 GMT",https://news.google.com/rss/articles/CBMirAFBVV95cUxOSFJ5M2lEUEhYdVlONEJQN3Z5dlJudWw0UVpZQUhTZDBFbWk3SzU0WEJQR05BMlc0V0gwVzlSN3d0c1FpdkNpeUZoNU02X1N2RGdOSzM3cENuaFhKX3dhNjVlUnpEUkFYWkpKVjlZbkZ3TlpRY0otOUtCMTRWZDdQSXNmNzNVNndXNC1VVm9EUkhQa3dtZGNlX2xvekN1bXFVZk53bmh4Z0F6QTl2?oc=5,Agriland
Producer,Irish farmers food production agriculture income CAP,Farmers losing confidence with EU Commission – Martin Kenny TD - sinnfein.ie,"<a href=""https://news.google.com/rss/articles/CBMijwFBVV95cUxPcWtzTFBMVW1KRFRxYkh2TnRVTmlmXzZEY0NlTnM5R2VveEZCVFFaS19WT2NLTGsyV0pCN19jTHk1YXY4d3lMQnBvbllKMklkTWo4SHhvdkxVOHJvdzJLUHBTUjFlYlRFQzRFaG54Q3U2QXhWY2R5TXRKcTNhVzZBWVhvN2ltXzl2eU9vX3hsbw?oc=5"" target=""_blank"">Farmers losing confidence with EU Commission – Martin Kenny TD</a>&nbsp;&nbsp;<font color=""#6f6f6f"">sinnfein.ie</font>","Fri, 26 Sep 2025 07:00:00 GMT",https://news.google.com/rss/articles/CBMijwFBVV95cUxPcWtzTFBMVW1KRFRxYkh2TnRVTmlmXzZEY0NlTnM5R2VveEZCVFFaS19WT2NLTGsyV0pCN19jTHk1YXY4d3lMQnBvbllKMklkTWo4SHhvdkxVOHJvdzJLUHBTUjFlYlRFQzRFaG54Q3U2QXhWY2R5TXRKcTNhVzZBWVhvN2ltXzl2eU9vX3hsbw?oc=5,sinnfein.ie
Producer,Irish farmers food production agriculture income CAP,CAP Remains Cornerstone of Livestock Farming – IFA President at Tullamore Show - Irish Farmers' Association,"<a href=""https://news.google.com/rss/articles/CBMirgFBVV95cUxPVTNkaE9adlp4dWVRd2tHUVpBSW1iV3RkRWF5azcxVkhDeVgwWjhSTTFaS2hveWpQMko4QTZJaDRZSVlLMWRqTFBKR0htZDZ5T3NNWlR0UUM3eGdNMUs2SEtYaHpHR3lYNlhCb0lSdXdIdWNrMWkyalRFdUZISUgtWldJT044bksycEJhenVFc1BGdGJzYjg2QUNROTF4WnlJQk9qNkF5cVVIOUFDdmc?oc=5"" target=""_blank"">CAP Remains Cornerstone of Livestock Farming – IFA President at Tullamore Show</a>&nbsp;&nbsp;<font color=""#6f6f6f"">Irish Farmers' Association</font>","Sun, 10 Aug 2025 07:00:00 GMT",https://news.google.com/rss/articles/CBMirgFBVV95cUxPVTNkaE9adlp4dWVRd2tHUVpBSW1iV3RkRWF5azcxVkhDeVgwWjhSTTFaS2hveWpQMko4QTZJaDRZSVlLMWRqTFBKR0htZDZ5T3NNWlR0UUM3eGdNMUs2SEtYaHpHR3lYNlhCb0lSdXdIdWNrMWkyalRFdUZISUgtWldJT044bksycEJhenVFc1BGdGJzYjg2QUNROTF4WnlJQk9qNkF5cVVIOUFDdmc?oc=5,Irish Farmers' Association
Producer,Irish farmers food production agriculture income CAP,There can be no cuts to CAP payments for pensioners – Martin Kenny TD - sinnfein.ie,"<a href=""https://news.google.com/rss/articles/CBMimAFBVV95cUxPMjk1QUJoY0NWZFdZRmJVVWN5VGhQaG01dVBBeWhxZldKNFR1YVN0dWRXTFJ0YlYxcUFHTEtoN1ljYTRCV2lHOEs4NXpzVzdBTllLbVJKZU9oSWd0dENlQmJrOXVaUy1GMUlycGxBQWRUZlFfSzRLV21EOU1PdmgtckNFTXlobk5RNUZGMHFMR0RVQWRTOEd0Rg?oc=5"" target=""_blank"">There can be no cuts to CAP payments for pensioners – Martin Kenny TD</a>&nbsp;&nbsp;<font color=""#6f6f6f"">sinnfein.ie</font>","Thu, 14 May 2026 14:14:50 GMT",https://news.google.com/rss/articles/CBMimAFBVV95cUxPMjk1QUJoY0NWZFdZRmJVVWN5VGhQaG01dVBBeWhxZldKNFR1YVN0dWRXTFJ0YlYxcUFHTEtoN1ljYTRCV2lHOEs4NXpzVzdBTllLbVJKZU9oSWd0dENlQmJrOXVaUy1GMUlycGxBQWRUZlFfSzRLV21EOU1PdmgtckNFTXlobk5RNUZGMHFMR0RVQWRTOEd0Rg?oc=5,sinnfein.ie
Producer,Irish farmers food production agriculture income CAP,Irish agri-food sector facing 'very significant uncertainty' - ICOS - Agriland,"<a href=""https://news.google.com/rss/articles/CBMiowFBVV95cUxOTUdlb0RSY0ZVNC1IUy1FSzBHNHVBUlhyUWZPWHZJOGZxVGZjLTJObE5zNEZkbEFoNXZ4Zk9VYThIcUJRUGlnZVN1LUxSZVdGV2lDUHFDSFV3MW1uZWVSb3RZR2NSNFlELVFyRkJtbzZBcFZFZ2tGU2xuVjlNeWc2aWlmS1FZV0pJMV9tU2h0T3dnSDBwSVdmUU52N0U3NmtmbERz?oc=5"" target=""_blank"">Irish agri-food sector facing 'very significant uncertainty' - ICOS</a>&nbsp;&nbsp;<font color=""#6f6f6f"">Agriland</font>","Fri, 25 Jul 2025 07:00:00 GMT",https://news.google.com/rss/articles/CBMiowFBVV95cUxOTUdlb0RSY0ZVNC1IUy1FSzBHNHVBUlhyUWZPWHZJOGZxVGZjLTJObE5zNEZkbEFoNXZ4Zk9VYThIcUJRUGlnZVN1LUxSZVdGV2lDUHFDSFV3MW1uZWVSb3RZR2NSNFlELVFyRkJtbzZBcFZFZ2tGU2xuVjlNeWc2aWlmS1FZV0pJMV9tU2h0T3dnSDBwSVdmUU52N0U3NmtmbERz?oc=5,Agriland
Producer,Irish farmers food production agriculture income CAP,What do proposed CAP changes mean for Irish farmers? - RTE.ie,"<a href=""https://news.google.com/rss/articles/CBMiZ0FVX3lxTE13TWUtdXRwRXp5WWgxU3dVU1oxVUp4YWxHZTZGMGVNY3NHS0hEZHBKQ0N3WFlvc2hZRkpJTFRpRUcxTTlIa1R3MjBOWTQ5RGZUVEE2WGJ3ZS12SW9ialhCZFBsWmJtWnc?oc=5"" target=""_blank"">What do proposed CAP changes mean for Irish farmers?</a>&nbsp;&nbsp;<font color=""#6f6f6f"">RTE.ie</font>","Wed, 16 Jul 2025 07:00:00 GMT",https://news.google.com/rss/articles/CBMiZ0FVX3lxTE13TWUtdXRwRXp5WWgxU3dVU1oxVUp4YWxHZTZGMGVNY3NHS0hEZHBKQ0N3WFlvc2hZRkpJTFRpRUcxTTlIa1R3MjBOWTQ5RGZUVEE2WGJ3ZS12SW9ialhCZFBsWmJtWnc?oc=5,RTE.ie
Consumer,Ireland consumers food prices dairy beef agriculture,Beef farmers squeezed amid claims of ‘huge price-gouging’ - Agriland,"<a href=""https://news.google.com/rss/articles/CBMimAFBVV95cUxQcnNZXzFyakVxNUJrZlRWWWpaOEExVDMtdVJTZ01jRlZQWDVHbTE3ak9IQWZ1c09QTGpqOWkwQjVuS1R6ZmpNbW1fVVoxbmdYd05Lb2hNNHBzV0ZwSXNvUlRINlZ4blNjTTRiVjlKNEF5TmxOa1lDX1NXbi1PbjNyLXE3NTMxc0l2NlBDTWo3RGJnSERPNGY3LQ?oc=5"" target=""_blank"">Beef farmers squeezed amid claims of ‘huge price-gouging’</a>&nbsp;&nbsp;<font color=""#6f6f6f"">Agriland</font>","Fri, 29 May 2026 17:00:00 GMT",https://news.google.com/rss/articles/CBMimAFBVV95cUxQcnNZXzFyakVxNUJrZlRWWWpaOEExVDMtdVJTZ01jRlZQWDVHbTE3ak9IQWZ1c09QTGpqOWkwQjVuS1R6ZmpNbW1fVVoxbmdYd05Lb2hNNHBzV0ZwSXNvUlRINlZ4blNjTTRiVjlKNEF5TmxOa1lDX1NXbi1PbjNyLXE3NTMxc0l2NlBDTWo3RGJnSERPNGY3LQ?oc=5,Agriland
Consumer,Ireland consumers food prices dairy beef agriculture,What will be the impact of Mercosur on Irish shoppers? - RTE.ie,"<a href=""https://news.google.com/rss/articles/CBMidkFVX3lxTE1CTTVnU1BDTHI3SzdpdEJDSUotT19NaWRDeW5vd0poanVfSUNBUHRZSmxGbnRySF94dS1UNHRORDN3eVZsc1FiTzdaY0htV0xCeUZnS1h4dnlNSzI5VnNJN3hlQ0o5cEducXFISTdhQU1rMER3Ymc?oc=5"" target=""_blank"">What will be the impact of Mercosur on Irish shoppers?</a>&nbsp;&nbsp;<font color=""#6f6f6f"">RTE.ie</font>","Fri, 09 Jan 2026 08:00:00 GMT",https://news.google.com/rss/articles/CBMidkFVX3lxTE1CTTVnU1BDTHI3SzdpdEJDSUotT19NaWRDeW5vd0poanVfSUNBUHRZSmxGbnRySF94dS1UNHRORDN3eVZsc1FiTzdaY0htV0xCeUZnS1h4dnlNSzI5VnNJN3hlQ0o5cEducXFISTdhQU1rMER3Ymc?oc=5,RTE.ie
Consumer,Ireland consumers food prices dairy beef agriculture,Haute agriculture: what’s behind the soaring cost of food? - The Times,"<a href=""https://news.google.com/rss/articles/CBMiugFBVV95cUxPZWdhUnFfdWE2dWNWamZEVXdQaUNISTV1WTBGR0RNb19XeFVzWk00MW9lOVBETTJWaGNrMlZyOWlKa3hUVy1fMkJ5c18tM3JNd1lzZGZfUVgybHVyclBjYlBQbmg2MDZNS2ZPLTNXRUpBdlZ3RkdjSDN4aUpuZ1M5djVJbzBhcE5WS29ueGpMTU15ZlFFY0hIZ2lLcXdJczYzQjZmMmZPWG9uQW96QUNBX1VCNkRWUmxNNWc?oc=5"" target=""_blank"">Haute agriculture: what’s behind the soaring cost of food?</a>&nbsp;&nbsp;<font color=""#6f6f6f"">The Times</font>","Sat, 06 Sep 2025 07:00:00 GMT",https://news.google.com/rss/articles/CBMiugFBVV95cUxPZWdhUnFfdWE2dWNWamZEVXdQaUNISTV1WTBGR0RNb19XeFVzWk00MW9lOVBETTJWaGNrMlZyOWlKa3hUVy1fMkJ5c18tM3JNd1lzZGZfUVgybHVyclBjYlBQbmg2MDZNS2ZPLTNXRUpBdlZ3RkdjSDN4aUpuZ1M5djVJbzBhcE5WS29ueGpMTU15ZlFFY0hIZ2lLcXdJczYzQjZmMmZPWG9uQW96QUNBX1VCNkRWUmxNNWc?oc=5,The Times
Consumer,Ireland consumers food prices dairy beef agriculture,CSO: Food prices up 4.2% in the last 12 months - Agriland,"<a href=""https://news.google.com/rss/articles/CBMiigFBVV95cUxOWlZ0X1lYM0Q2LXVXY3JSdjN3OERHQ0dZalhnV2lpZzRyOW1JcUFBald3NllfQ0dYSXBHLXA0RDlNR2pRQTBkdzBkTTdFa3lWUUFWQ05LZjJSZTRiSjNPV2pCT2JZRGtJOVV0ZEhrSWNwTEdsTzRtc2hTbWNOZEVXS2xRRWRyWWI1TXc?oc=5"" target=""_blank"">CSO: Food prices up 4.2% in the last 12 months</a>&nbsp;&nbsp;<font color=""#6f6f6f"">Agriland</font>","Mon, 01 Dec 2025 08:00:00 GMT",https://news.google.com/rss/articles/CBMiigFBVV95cUxOWlZ0X1lYM0Q2LXVXY3JSdjN3OERHQ0dZalhnV2lpZzRyOW1JcUFBald3NllfQ0dYSXBHLXA0RDlNR2pRQTBkdzBkTTdFa3lWUUFWQ05LZjJSZTRiSjNPV2pCT2JZRGtJOVV0ZEhrSWNwTEdsTzRtc2hTbWNOZEVXS2xRRWRyWWI1TXc?oc=5,Agriland
Consumer,Ireland consumers food prices dairy beef agriculture,Cost of milk and beef sees Irish farm produce prices rise faster than anywhere in EU - The Journal,"<a href=""https://news.google.com/rss/articles/CBMiigFBVV95cUxPbTNjMmhHQWQ2MDZiUGhlNWxjSjhqVU81eGZPUnk2cEp5MGxKb0puVUxvRTZPbnlxM1RqSVZWeVk5djR6aG1Dak4yNjF1TlBweG00OU9BcXE3YXVlYkh3RXZHN2ZzZDBRQ3B4am10N0c1Wi12VHVXazR4S2ZWc1llRU9FcUZkX1VsM3c?oc=5"" target=""_blank"">Cost of milk and beef sees Irish farm produce prices rise faster than anywhere in EU</a>&nbsp;&nbsp;<font color=""#6f6f6f"">The Journal</font>","Sun, 22 Jun 2025 07:00:00 GMT",https://news.google.com/rss/articles/CBMiigFBVV95cUxPbTNjMmhHQWQ2MDZiUGhlNWxjSjhqVU81eGZPUnk2cEp5MGxKb0puVUxvRTZPbnlxM1RqSVZWeVk5djR6aG1Dak4yNjF1TlBweG00OU9BcXE3YXVlYkh3RXZHN2ZzZDBRQ3B4am10N0c1Wi12VHVXazR4S2ZWc1llRU9FcUZkX1VsM3c?oc=5,The Journal
Consumer,Ireland consumers food prices dairy beef agriculture,Safety net: food security in Ireland - Teagasc | Agriculture and Food Development Authority,"<a href=""https://news.google.com/rss/articles/CBMi1wFBVV95cUxPQTN0RWYzc1hZaXo3LW1mQVFyOVNqRU15R1RldEJPaEF2UmdvODliTUxOd0V1UlU5UVoxQ2I3M19XMEpYOGpkYkNadXBSYV9ERjlobHltVUtnYzV6bnlVQjVhRHhZWVdjTUdDbV8zdlZObjB0MnV2eUFSdnk2aU1DQ1N0REFlY0NaQ25MSmktd0F2ektqQ0ZQRTd1TWxOWWlMdlg0WEZ1b0MxWmpNekUtNlZ4emNGTm1ENTRRaEEwQjV5eDktcXQxVlhqWjdxNFNPUjBEenI2cw?oc=5"" target=""_blank"">Safety net: food security in Ireland</a>&nbsp;&nbsp;<font color=""#6f6f6f"">Teagasc | Agriculture and Food Development Authority</font>","Wed, 02 Jul 2025 00:26:17 GMT",https://news.google.com/rss/articles/CBMi1wFBVV95cUxPQTN0RWYzc1hZaXo3LW1mQVFyOVNqRU15R1RldEJPaEF2UmdvODliTUxOd0V1UlU5UVoxQ2I3M19XMEpYOGpkYkNadXBSYV9ERjlobHltVUtnYzV6bnlVQjVhRHhZWVdjTUdDbV8zdlZObjB0MnV2eUFSdnk2aU1DQ1N0REFlY0NaQ25MSmktd0F2ektqQ0ZQRTd1TWxOWWlMdlg0WEZ1b0MxWmpNekUtNlZ4emNGTm1ENTRRaEEwQjV5eDktcXQxVlhqWjdxNFNPUjBEenI2cw?oc=5,Teagasc | Agriculture and Food Development Authority
Consumer,Ireland consumers food prices dairy beef agriculture,"Shoppers warned days of cheap food over as families pay an extra €3,000 a year for groceries - Irish Independent","<a href=""https://news.google.com/rss/articles/CBMi4wFBVV95cUxPbTRscmkxTmN2MzBnc2RRMFdkUWU5QmMtbkU5RWR3VnZNdUpqalFuSzZNRnZZcGI1Mm02QlkxWlEtcFZ3ZTFTM2plUUV1QUppUnVNZi1TSTVnMGZwRmVQVjVuRVFSZTVZQU9YY00tSElkR3p2WXdQV2daR051Z25ob01MVjJSMVoyeVZvcDFTaW05SUZ3Y0kzNEFaak54ekdYcm1sTk5yZTdTbVRTdWY0RGJNTG55NUhMUVhONW50WjhNUjR5N25yMnBoU296blBNQlc0dEFUSTJJQlhqODFFVjZnSQ?oc=5"" target=""_blank"">Shoppers warned days of cheap food over as families pay an extra €3,000 a year for groceries</a>&nbsp;&nbsp;<font color=""#6f6f6f"">Irish Independent</font>","Wed, 02 Jul 2025 07:00:00 GMT",https://news.google.com/rss/articles/CBMi4wFBVV95cUxPbTRscmkxTmN2MzBnc2RRMFdkUWU5QmMtbkU5RWR3VnZNdUpqalFuSzZNRnZZcGI1Mm02QlkxWlEtcFZ3ZTFTM2plUUV1QUppUnVNZi1TSTVnMGZwRmVQVjVuRVFSZTVZQU9YY00tSElkR3p2WXdQV2daR051Z25ob01MVjJSMVoyeVZvcDFTaW05SUZ3Y0kzNEFaak54ekdYcm1sTk5yZTdTbVRTdWY0RGJNTG55NUhMUVhONW50WjhNUjR5N25yMnBoU296blBNQlc0dEFUSTJJQlhqODFFVjZnSQ?oc=5,Irish Independent
Consumer,Ireland consumers food prices dairy beef agriculture,Tariffs: What’s at ‘steak’ for global agriculture - Think Business,"<a href=""https://news.google.com/rss/articles/CBMijAFBVV95cUxNalZOWXFiR2FPcW02YlFMQjA5Sm05RkFVZlBjUGlRckM0TDlZeGJZUzlhVEdQZVdqc000UjZIQjB4WWhZcjhfZEtYTHNfWjlvbVJHdTBGZ1RVN1FMUmZaUFJMcGQ0R3lxTDJqMzVRVFNoa192VTNfZzlDWHBNejZNMW83Y0pLU3N5b0tiWQ?oc=5"" target=""_blank"">Tariffs: What’s at ‘steak’ for global agriculture</a>&nbsp;&nbsp;<font color=""#6f6f6f"">Think Business</font>","Wed, 04 Jun 2025 07:00:00 GMT",https://news.google.com/rss/articles/CBMijAFBVV95cUxNalZOWXFiR2FPcW02YlFMQjA5Sm05RkFVZlBjUGlRckM0TDlZeGJZUzlhVEdQZVdqc000UjZIQjB4WWhZcjhfZEtYTHNfWjlvbVJHdTBGZ1RVN1FMUmZaUFJMcGQ0R3lxTDJqMzVRVFNoa192VTNfZzlDWHBNejZNMW83Y0pLU3N5b0tiWQ?oc=5,Think Business
Consumer,Ireland consumers food prices dairy beef agriculture,Expanding Irish meat and dairy opportunities in Southeast Asia - Agriland,"<a href=""https://news.google.com/rss/articles/CBMiogFBVV95cUxPUDNFX0dBVDJaMWtKWHNrUS0xVlB2U09uSXRmSXV3Nk50T3F3YUxlc1Fwc056UTRRdzdPUnNmbjdmbTE4enNlNnNyaVFjamF3bHRBdzhrc1Z0VmlUWmIxYUNHTGdyQjhpUnF5VmFmcHYyR0NYc0d4dXFNMThYMGM5OFBQUGNuclQ0LTdKdmZkUHp3YzUtZXRHQW96SlAyblJOeWc?oc=5"" target=""_blank"">Expanding Irish meat and dairy opportunities in Southeast Asia</a>&nbsp;&nbsp;<font color=""#6f6f6f"">Agriland</font>","Thu, 16 Apr 2026 07:00:00 GMT",https://news.google.com/rss/articles/CBMiogFBVV95cUxPUDNFX0dBVDJaMWtKWHNrUS0xVlB2U09uSXRmSXV3Nk50T3F3YUxlc1Fwc056UTRRdzdPUnNmbjdmbTE4enNlNnNyaVFjamF3bHRBdzhrc1Z0VmlUWmIxYUNHTGdyQjhpUnF5VmFmcHYyR0NYc0d4dXFNMThYMGM5OFBQUGNuclQ0LTdKdmZkUHp3YzUtZXRHQW96SlAyblJOeWc?oc=5,Agriland
Consumer,Ireland consumers food prices dairy beef agriculture,Concern NI consumers facing sharp hike in food prices due to fertiliser costs - Agriland,"<a href=""https://news.google.com/rss/articles/CBMitgFBVV95cUxNck1XOTl4UmRGZEY2VDk5cjhxeDhTYUp0OEE3Q1NuS2s2TmkyYjFEeVVGb1lVUU9heVpnZEpyMmduZS1jMHdyWkRidXdoenhZMHN4ejViQWVqNDVWZjM4MmJlWVE2NnJuaEZ2cHI1Y0VSb183RUpnTHJrek5WMU45UFRuYm9TdHM4RGl3MEtvZVJ0UDFPRWpPWnlCSVg5UTZIaE1lMUd5cE9zWDh4NG03SE1yYy1BQQ?oc=5"" target=""_blank"">Concern NI consumers facing sharp hike in food prices due to fertiliser costs</a>&nbsp;&nbsp;<font color=""#6f6f6f"">Agriland</font>","Thu, 26 Mar 2026 07:00:00 GMT",https://news.google.com/rss/articles/CBMitgFBVV95cUxNck1XOTl4UmRGZEY2VDk5cjhxeDhTYUp0OEE3Q1NuS2s2TmkyYjFEeVVGb1lVUU9heVpnZEpyMmduZS1jMHdyWkRidXdoenhZMHN4ejViQWVqNDVWZjM4MmJlWVE2NnJuaEZ2cHI1Y0VSb183RUpnTHJrek5WMU45UFRuYm9TdHM4RGl3MEtvZVJ0UDFPRWpPWnlCSVg5UTZIaE1lMUd5cE9zWDh4NG03SE1yYy1BQQ?oc=5,Agriland
Consumer,Ireland consumers food prices dairy beef agriculture,Value of food and drink exports up 12% driven by beef and dairy - Agriland,"<a href=""https://news.google.com/rss/articles/CBMiogFBVV95cUxNRHJRd0tnRElaRklYVExWOEhsWU1rRm1oYW9qWFZSSXJPWmI3ck0yaGdqemdvdWdLeXk1aVNNZU9CYW44b2ZvUXg5OVBxY0NOeWpiNk9MalVnQ29rcmFkSUU4Zi1ZTXA5SjFSWnk4VHBZeWRCNGpZSGxJNzZ2TXdOalZvSzRMbzRQdUJrSkVPUEFGZlliZ2dqMVNDRW03eDludHc?oc=5"" target=""_blank"">Value of food and drink exports up 12% driven by beef and dairy</a>&nbsp;&nbsp;<font color=""#6f6f6f"">Agriland</font>","Wed, 07 Jan 2026 08:00:00 GMT",https://news.google.com/rss/articles/CBMiogFBVV95cUxNRHJRd0tnRElaRklYVExWOEhsWU1rRm1oYW9qWFZSSXJPWmI3ck0yaGdqemdvdWdLeXk1aVNNZU9CYW44b2ZvUXg5OVBxY0NOeWpiNk9MalVnQ29rcmFkSUU4Zi1ZTXA5SjFSWnk4VHBZeWRCNGpZSGxJNzZ2TXdOalZvSzRMbzRQdUJrSkVPUEFGZlliZ2dqMVNDRW03eDludHc?oc=5,Agriland
Consumer,Ireland consumers food prices dairy beef agriculture,Calls for fairer prices for NI beef 30 years after 1996 BSE crisis - Agriland,"<a href=""https://news.google.com/rss/articles/CBMipwFBVV95cUxQaDA3ejMxdU12aUVvZzFyc0lQT0lkVUVyZ1lJNzFIOGl1OWRoTTVJdzNHcXdBRjJIYzQ1cm5HcEJCYWxaSDBOYUs4NnRMa1BITkRnOHpyX19vX0RnVVRzcGRwYlhmV0JZQUNfQXRhSlpCQ0luTXAxeUJyN2FOdlJnZ0liV0txazdmcnpMajRKVGxYMm1MYmEtUDZLWjJqMkZCT0ZhbkZQQQ?oc=5"" target=""_blank"">Calls for fairer prices for NI beef 30 years after 1996 BSE crisis</a>&nbsp;&nbsp;<font color=""#6f6f6f"">Agriland</font>","Fri, 09 Jan 2026 08:00:00 GMT",https://news.google.com/rss/articles/CBMipwFBVV95cUxQaDA3ejMxdU12aUVvZzFyc0lQT0lkVUVyZ1lJNzFIOGl1OWRoTTVJdzNHcXdBRjJIYzQ1cm5HcEJCYWxaSDBOYUs4NnRMa1BITkRnOHpyX19vX0RnVVRzcGRwYlhmV0JZQUNfQXRhSlpCQ0luTXAxeUJyN2FOdlJnZ0liV0txazdmcnpMajRKVGxYMm1MYmEtUDZLWjJqMkZCT0ZhbkZQQQ?oc=5,Agriland
Consumer,Ireland consumers food prices dairy beef agriculture,Consumer spending on meat in NI up amid volume decline - LMC - Agriland,"<a href=""https://news.google.com/rss/articles/CBMijAFBVV95cUxPRVpyY01odkp2R3hUMWM1NGxkbUNScE5FX0pubEhqejFoVlVxbVAtWGJDX2RkTU9SUDZGbUZndXFtNVJHOWIzWUtLcm9Odjd3RkgtcWJHTjNqVlpDUmpzaExNQ182dmpOV3JENkVleU5yWWdFdmFSallrb19udTl0WVltcUNBU0M4TEE0Zg?oc=5"" target=""_blank"">Consumer spending on meat in NI up amid volume decline - LMC</a>&nbsp;&nbsp;<font color=""#6f6f6f"">Agriland</font>","Fri, 31 Oct 2025 07:00:00 GMT",https://news.google.com/rss/articles/CBMijAFBVV95cUxPRVpyY01odkp2R3hUMWM1NGxkbUNScE5FX0pubEhqejFoVlVxbVAtWGJDX2RkTU9SUDZGbUZndXFtNVJHOWIzWUtLcm9Odjd3RkgtcWJHTjNqVlpDUmpzaExNQ182dmpOV3JENkVleU5yWWdFdmFSallrb19udTl0WVltcUNBU0M4TEE0Zg?oc=5,Agriland
Consumer,Ireland consumers food prices dairy beef agriculture,New strategy aims to grow Irish value-added food and drink exports to €5.4bn - Agriland,"<a href=""https://news.google.com/rss/articles/CBMiqAFBVV95cUxQM3pmOEpXVzdCdHJreUtJQ3BPTHhfeFlQTHJSTzVMQmFWbk11V1BwTF9ZWTdrazJDLVVOSUZPaXlJRU1hQVdnbHV4ZXBjejQ0VFczZnkxNnpLTXBLeVFvaklIaGNibG9EWUsxdnlWUE9OT1lPQktxV3dCdjVEYW5jLU1jbE9Pd0JyMlNGZDJ1SnNVdzlBZDNjb2RFLUZXZ3RxU29xVGU5UkU?oc=5"" target=""_blank"">New strategy aims to grow Irish value-added food and drink exports to €5.4bn</a>&nbsp;&nbsp;<font color=""#6f6f6f"">Agriland</font>","Mon, 24 Nov 2025 08:00:00 GMT",https://news.google.com/rss/articles/CBMiqAFBVV95cUxQM3pmOEpXVzdCdHJreUtJQ3BPTHhfeFlQTHJSTzVMQmFWbk11V1BwTF9ZWTdrazJDLVVOSUZPaXlJRU1hQVdnbHV4ZXBjejQ0VFczZnkxNnpLTXBLeVFvaklIaGNibG9EWUsxdnlWUE9OT1lPQktxV3dCdjVEYW5jLU1jbE9Pd0JyMlNGZDJ1SnNVdzlBZDNjb2RFLUZXZ3RxU29xVGU5UkU?oc=5,Agriland
Consumer,Ireland consumers food prices dairy beef agriculture,Consumers 'must seek out Irish produce' – Healy-Rae - Agriland,"<a href=""https://news.google.com/rss/articles/CBMijgFBVV95cUxQZWdMY1lCOEhTdVhZd01WR1k1NDZfOXFMdXlBckt4V01FY1g2MlZ4cVRTdVNIbkV3MXVwaDd5aUJPUzNuQnYtdG1ySmg2ZXVScDlNeTJZZ0I3Rzd2bHN0RkRWM196QWhQZWlLU3llSjEza1NHOWZrcGdHNkJyemhTWnBmYU52SHJIYnN3dWlR?oc=5"" target=""_blank"">Consumers 'must seek out Irish produce' – Healy-Rae</a>&nbsp;&nbsp;<font color=""#6f6f6f"">Agriland</font>","Sat, 14 Mar 2026 07:00:00 GMT",https://news.google.com/rss/articles/CBMijgFBVV95cUxQZWdMY1lCOEhTdVhZd01WR1k1NDZfOXFMdXlBckt4V01FY1g2MlZ4cVRTdVNIbkV3MXVwaDd5aUJPUzNuQnYtdG1ySmg2ZXVScDlNeTJZZ0I3Rzd2bHN0RkRWM196QWhQZWlLU3llSjEza1NHOWZrcGdHNkJyemhTWnBmYU52SHJIYnN3dWlR?oc=5,Agriland
Consumer,Ireland consumers food prices dairy beef agriculture,Value of beef exports up despite drop in export volumes - Agriland,"<a href=""https://news.google.com/rss/articles/CBMimAFBVV95cUxQUWYwcHVadDhKR1lkWGsxWHlYR0gwU1U4Wkt5ZnJ4TkNZY3RFMTNqQWpOS1lJdFc4eXl1eFFneGpjX3JyaFE1SlY1X0ZjWXZZaHh2UnlMX0JkV1gtZ1g5eWV1LWk5emlIZHA3Ql9JUzRNNmhzVWFmSTI0QjBIUVJxMlcwbmJ2bjkwcGFub2wtUWZYNm1uVy1McA?oc=5"" target=""_blank"">Value of beef exports up despite drop in export volumes</a>&nbsp;&nbsp;<font color=""#6f6f6f"">Agriland</font>","Wed, 07 Jan 2026 08:00:00 GMT",https://news.google.com/rss/articles/CBMimAFBVV95cUxQUWYwcHVadDhKR1lkWGsxWHlYR0gwU1U4Wkt5ZnJ4TkNZY3RFMTNqQWpOS1lJdFc4eXl1eFFneGpjX3JyaFE1SlY1X0ZjWXZZaHh2UnlMX0JkV1gtZ1g5eWV1LWk5emlIZHA3Ql9JUzRNNmhzVWFmSTI0QjBIUVJxMlcwbmJ2bjkwcGFub2wtUWZYNm1uVy1McA?oc=5,Agriland
Consumer,Ireland consumers food prices dairy beef agriculture,Bord Bia to host 16 Irish companies at Anuga trade fair in Germany - Agriland,"<a href=""https://news.google.com/rss/articles/CBMipwFBVV95cUxNd013My1DMmxRMWd5eXBvRGhhOUpQYkE2MEMtNUo1azFkTG1xT202c2ZvN3dXNU1jVGVnSkpPZWpCcVNTRlVuQWk4b0dqdUp4MnNNNGE3dVlfYWFwSFJIdEhhWE1uY3pLelZUWVdSY29JOE5DVVZYVVRNZVRzQmlidllkTlcxZTU0eGxPQkUxRzJVdkp1SWE3SWU5cEZJazRHMVAxLW15MA?oc=5"" target=""_blank"">Bord Bia to host 16 Irish companies at Anuga trade fair in Germany</a>&nbsp;&nbsp;<font color=""#6f6f6f"">Agriland</font>","Fri, 03 Oct 2025 07:00:00 GMT",https://news.google.com/rss/articles/CBMipwFBVV95cUxNd013My1DMmxRMWd5eXBvRGhhOUpQYkE2MEMtNUo1azFkTG1xT202c2ZvN3dXNU1jVGVnSkpPZWpCcVNTRlVuQWk4b0dqdUp4MnNNNGE3dVlfYWFwSFJIdEhhWE1uY3pLelZUWVdSY29JOE5DVVZYVVRNZVRzQmlidllkTlcxZTU0eGxPQkUxRzJVdkp1SWE3SWU5cEZJazRHMVAxLW15MA?oc=5,Agriland
Consumer,Ireland consumers food prices dairy beef agriculture,ABP Angus Youth Challenge focusing on attracting NI students to beef sector - Agriland,"<a href=""https://news.google.com/rss/articles/CBMisgFBVV95cUxQMVRQMUx2WEFGYVEtU0xYUThfeWNxOXZuVFNoZ0xlRzU5Z1NWQ1NYYlllU1JTbS1Kbi1GbE1EX05ZVGVXSFNFdDFyQ2lrRjJTMzFvakl4aGQ4MkQxRGdGMk1ZOFJXRmwtdXhZc1lORmRyUmdKR3EwQW96TnFwT1lFSjdWRTIzRVlOTmNXbFpJTW9VQ3FzYzU4enFqYlpqUDBPVmNDaVIzdnpWVUFEY3c3X1lR?oc=5"" target=""_blank"">ABP Angus Youth Challenge focusing on attracting NI students to beef sector</a>&nbsp;&nbsp;<font color=""#6f6f6f"">Agriland</font>","Mon, 01 Sep 2025 07:00:00 GMT",https://news.google.com/rss/articles/CBMisgFBVV95cUxQMVRQMUx2WEFGYVEtU0xYUThfeWNxOXZuVFNoZ0xlRzU5Z1NWQ1NYYlllU1JTbS1Kbi1GbE1EX05ZVGVXSFNFdDFyQ2lrRjJTMzFvakl4aGQ4MkQxRGdGMk1ZOFJXRmwtdXhZc1lORmRyUmdKR3EwQW96TnFwT1lFSjdWRTIzRVlOTmNXbFpJTW9VQ3FzYzU4enFqYlpqUDBPVmNDaVIzdnpWVUFEY3c3X1lR?oc=5,Agriland
Consumer,Ireland consumers food prices dairy beef agriculture,Ireland recorded 28% agri-food trade surplus of €5.2bn last year - Agriland,"<a href=""https://news.google.com/rss/articles/CBMirgFBVV95cUxQY0dDMWlLNVpxVGltaGllcFQySnB0Rk9WeGlWaGtJVkZacGpoNFZjcWZ6ZGhITDY2bUh0bTVRNWM2aHpjcllFTC1ERzQ1ZnRFODZaaEtZUHQxTU9selZmRXpPZkZmUnRQY3ZZWVhkdWdzbEsxWHBBRXlEOFN3eFh4Rjd1Qm5YaERJY3VkbzNOSTlraWRiMG5zWnpQcGoxWGMzVnoyTEdTUWhXa0ZheEE?oc=5"" target=""_blank"">Ireland recorded 28% agri-food trade surplus of €5.2bn last year</a>&nbsp;&nbsp;<font color=""#6f6f6f"">Agriland</font>","Wed, 06 Aug 2025 07:00:00 GMT",https://news.google.com/rss/articles/CBMirgFBVV95cUxQY0dDMWlLNVpxVGltaGllcFQySnB0Rk9WeGlWaGtJVkZacGpoNFZjcWZ6ZGhITDY2bUh0bTVRNWM2aHpjcllFTC1ERzQ1ZnRFODZaaEtZUHQxTU9selZmRXpPZkZmUnRQY3ZZWVhkdWdzbEsxWHBBRXlEOFN3eFh4Rjd1Qm5YaERJY3VkbzNOSTlraWRiMG5zWnpQcGoxWGMzVnoyTEdTUWhXa0ZheEE?oc=5,Agriland
Consumer,Ireland consumers food prices dairy beef agriculture,Functional protein products 'transforming the dairy industry' - Agriland,"<a href=""https://news.google.com/rss/articles/CBMingFBVV95cUxPc1VoYkpmWFNKdTBGR0g1ZFZYMVJkOWdCNmViSEk5MFJISFJnSnh0bnlBcGtwR1BISGRFWkp6ZGs3NXh6N182Z0tZVU56UWM3VjhYeUNsRkhOVkY5cXZnX2xCa1djamxOTUR1SWFmNlJ0SXdOLVNYMDNnOUJkNWJaTkIzZkhXTXlnQThNNmlRSVpPSHkwN1pCaTFIWDgzQQ?oc=5"" target=""_blank"">Functional protein products 'transforming the dairy industry'</a>&nbsp;&nbsp;<font color=""#6f6f6f"">Agriland</font>","Thu, 07 Aug 2025 07:00:00 GMT",https://news.google.com/rss/articles/CBMingFBVV95cUxPc1VoYkpmWFNKdTBGR0g1ZFZYMVJkOWdCNmViSEk5MFJISFJnSnh0bnlBcGtwR1BISGRFWkp6ZGs3NXh6N182Z0tZVU56UWM3VjhYeUNsRkhOVkY5cXZnX2xCa1djamxOTUR1SWFmNlJ0SXdOLVNYMDNnOUJkNWJaTkIzZkhXTXlnQThNNmlRSVpPSHkwN1pCaTFIWDgzQQ?oc=5,Agriland
Consumer,Ireland consumers food prices dairy beef agriculture,Food prices 'drive weakening' in consumer sentiment towards household finances - Agriland,"<a href=""https://news.google.com/rss/articles/CBMitAFBVV95cUxPc1NlN1JDLW1MLXBJYkkteHJyYXkzTm1XRkdwMlFvMV96OG9fNS1mVFZhTUFER3JQU2ZiRGpwXy1BNEZZQzJxdVhRa2U2RHFOWGgxdzlRYXpyZDgyelZXNEhhYzhXeFZhT2lXbWtqOW5HTUlNam1kQnBPcEhxZEpmWExsQWJFLWhuWWc1RFhCODJod0dETGlwaTB4cmFKOF9JN2VOS1lGY2MwYzdnNTRxdzBjVFQ?oc=5"" target=""_blank"">Food prices 'drive weakening' in consumer sentiment towards household finances</a>&nbsp;&nbsp;<font color=""#6f6f6f"">Agriland</font>","Tue, 26 Aug 2025 07:00:00 GMT",https://news.google.com/rss/articles/CBMitAFBVV95cUxPc1NlN1JDLW1MLXBJYkkteHJyYXkzTm1XRkdwMlFvMV96OG9fNS1mVFZhTUFER3JQU2ZiRGpwXy1BNEZZQzJxdVhRa2U2RHFOWGgxdzlRYXpyZDgyelZXNEhhYzhXeFZhT2lXbWtqOW5HTUlNam1kQnBPcEhxZEpmWExsQWJFLWhuWWc1RFhCODJod0dETGlwaTB4cmFKOF9JN2VOS1lGY2MwYzdnNTRxdzBjVFQ?oc=5,Agriland
Consumer,Ireland consumers food prices dairy beef agriculture,What do Irish consumers think about farming and animal welfare? - Teagasc | Agriculture and Food Development Authority,"<a href=""https://news.google.com/rss/articles/CBMiowFBVV95cUxPTWd3RXVuLXEzSkdYR1Y4LUpELXV4bURoU1RBVGZoOWl4cW9kd1F6MldUWThuX3JWQjdQaExoQkZHYXBvc2l6UHlSYkFiR0twS0NzdzdqNnJSSmJnYldrX09LU01yeDgtdzFGaUJPUVhSVGtGYlQ5NDNkQTQ0Yl82ZjNmb3JTZWdHaEYwUUxmNHhHV1dpQ1FxRTd0MWZNYzVBcTVJ?oc=5"" target=""_blank"">What do Irish consumers think about farming and animal welfare?</a>&nbsp;&nbsp;<font color=""#6f6f6f"">Teagasc | Agriculture and Food Development Authority</font>","Sat, 06 Aug 2022 07:00:00 GMT",https://news.google.com/rss/articles/CBMiowFBVV95cUxPTWd3RXVuLXEzSkdYR1Y4LUpELXV4bURoU1RBVGZoOWl4cW9kd1F6MldUWThuX3JWQjdQaExoQkZHYXBvc2l6UHlSYkFiR0twS0NzdzdqNnJSSmJnYldrX09LU01yeDgtdzFGaUJPUVhSVGtGYlQ5NDNkQTQ0Yl82ZjNmb3JTZWdHaEYwUUxmNHhHV1dpQ1FxRTd0MWZNYzVBcTVJ?oc=5,Teagasc | Agriculture and Food Development Authority
Consumer,Ireland consumers food prices dairy beef agriculture,"Sharp rise in food and drink prices over past year, CSO figures show - RTE.ie","<a href=""https://news.google.com/rss/articles/CBMipAFBVV95cUxNYmVtNldqbENtdFJlLVRpZ1pKeXdVUFk5Q0Zfd3pRclFDZTkzVEZNNnFUblNOMld6OFdxMktTczFPNmZoOGxqbjU0UjEzeklYZGdFVzlIQWpwY1NTSG02QzZrSjZmSmJ3WndkYXo5SlVXZlZPYTdTYUg3MElFZzd4Wm1MQ0laVU8ydzV6bENqTEJDUHNxVzNEZDhBODhrcVZ0WGJidA?oc=5"" target=""_blank"">Sharp rise in food and drink prices over past year, CSO figures show</a>&nbsp;&nbsp;<font color=""#6f6f6f"">RTE.ie</font>","Mon, 14 Jul 2025 07:00:00 GMT",https://news.google.com/rss/articles/CBMipAFBVV95cUxNYmVtNldqbENtdFJlLVRpZ1pKeXdVUFk5Q0Zfd3pRclFDZTkzVEZNNnFUblNOMld6OFdxMktTczFPNmZoOGxqbjU0UjEzeklYZGdFVzlIQWpwY1NTSG02QzZrSjZmSmJ3WndkYXo5SlVXZlZPYTdTYUg3MElFZzd4Wm1MQ0laVU8ydzV6bENqTEJDUHNxVzNEZDhBODhrcVZ0WGJidA?oc=5,RTE.ie
Consumer,Ireland consumers food prices dairy beef agriculture,CSO: Food prices up almost 4% in 12 months - Agriland,"<a href=""https://news.google.com/rss/articles/CBMihAFBVV95cUxNQWlhTzRTVzh6cWY5MC1POVBtX1h6YktPUzI0WXJRZ0NqekRiY3JqdWk5R01xQkUxTlRtRjVzODlWVVU1amw5MkphcVdJazZSaVE5UDdLNEtFRFFYdkg0ZEx5Y2hObDRqYXVwZ1RzTHdGLWNGNDNOemVUa3dyZkZ3eW9qdHU?oc=5"" target=""_blank"">CSO: Food prices up almost 4% in 12 months</a>&nbsp;&nbsp;<font color=""#6f6f6f"">Agriland</font>","Fri, 30 Jan 2026 08:00:00 GMT",https://news.google.com/rss/articles/CBMihAFBVV95cUxNQWlhTzRTVzh6cWY5MC1POVBtX1h6YktPUzI0WXJRZ0NqekRiY3JqdWk5R01xQkUxTlRtRjVzODlWVVU1amw5MkphcVdJazZSaVE5UDdLNEtFRFFYdkg0ZEx5Y2hObDRqYXVwZ1RzTHdGLWNGNDNOemVUa3dyZkZ3eW9qdHU?oc=5,Agriland
Consumer,Irish food quality prices agriculture consumers supermarkets,Lower-carbon Irish beef range to hit Tesco shelves - Agriland,"<a href=""https://news.google.com/rss/articles/CBMikgFBVV95cUxPUXdWeFhENzBSVzE2dzIxNWp4eGVlM0l6VUFNRHh6cDdkQ1dXUkZ2NjdUUHBVR1F1UGRvRHZoTDRIaENfWmtKZjdFT29xcUlkZVJrZEMtTWJWUGYtbUdHdDBCSHpZNGZwakJQMzRSaHFRd0hsVDU1bERBMnRxZ0dJOTBzNjRReTdEQzRzNVh3bGF5Zw?oc=5"" target=""_blank"">Lower-carbon Irish beef range to hit Tesco shelves</a>&nbsp;&nbsp;<font color=""#6f6f6f"">Agriland</font>","Mon, 25 May 2026 06:00:00 GMT",https://news.google.com/rss/articles/CBMikgFBVV95cUxPUXdWeFhENzBSVzE2dzIxNWp4eGVlM0l6VUFNRHh6cDdkQ1dXUkZ2NjdUUHBVR1F1UGRvRHZoTDRIaENfWmtKZjdFT29xcUlkZVJrZEMtTWJWUGYtbUdHdDBCSHpZNGZwakJQMzRSaHFRd0hsVDU1bERBMnRxZ0dJOTBzNjRReTdEQzRzNVh3bGF5Zw?oc=5,Agriland
Consumer,Irish food quality prices agriculture consumers supermarkets,‘Greedflation is alive in Ireland’ – calls to fast-track new food-pricing regulation as grocery costs soar - Irish Independent,"<a href=""https://news.google.com/rss/articles/CBMi8wFBVV95cUxOWVdMZV8zVHJWT0JQbExxZDRpNnN0X1lOZWxsLTZvdFBGSHBzOXBNM0VuYktsS0dnczBFQnBPNU5LZFhMR1lBV3R6TFJteDhkaWZaYVlMOHFnejhlRzdldy01eGVpS0dBdmxvNkdwaTRnVGRMSlIzd0NRQ0xqbUl5aXdUVTR3Zl9oRFVsU09FdVVfMEpLZW5nV2xhTkNMQVhxRTBCRUw3TFNId3NmNzFPMDBPQmtoeWV2czdmZENMaDZOM0hEam5VUjFuc1pHQm0tWXlkRnFmZ25yVFpnYzNWLTVoZTd6eEg0WTgzdVg0V01ZQzQ?oc=5"" target=""_blank"">‘Greedflation is alive in Ireland’ – calls to fast-track new food-pricing regulation as grocery costs soar</a>&nbsp;&nbsp;<font color=""#6f6f6f"">Irish Independent</font>","Tue, 10 Feb 2026 08:00:00 GMT",https://news.google.com/rss/articles/CBMi8wFBVV95cUxOWVdMZV8zVHJWT0JQbExxZDRpNnN0X1lOZWxsLTZvdFBGSHBzOXBNM0VuYktsS0dnczBFQnBPNU5LZFhMR1lBV3R6TFJteDhkaWZaYVlMOHFnejhlRzdldy01eGVpS0dBdmxvNkdwaTRnVGRMSlIzd0NRQ0xqbUl5aXdUVTR3Zl9oRFVsU09FdVVfMEpLZW5nV2xhTkNMQVhxRTBCRUw3TFNId3NmNzFPMDBPQmtoeWV2czdmZENMaDZOM0hEam5VUjFuc1pHQm0tWXlkRnFmZ25yVFpnYzNWLTVoZTd6eEg0WTgzdVg0V01ZQzQ?oc=5,Irish Independent
Consumer,Irish food quality prices agriculture consumers supermarkets,Lawless: Food labelling ‘abuse’ happening in Irish supermarkets - Gript,"<a href=""https://news.google.com/rss/articles/CBMihAFBVV95cUxNY280QVBsU0g3TW9QM0c3VTFsa0pkbTJ4LVJGekJoLS1zS0Q0X050X3lSRDJ4eDh3empnQzZVYkExVjM0ZEJtdDIxb1BtYWFTODl6TmpUUXAwenU0ZFFUbUc5TS01aVAzT0hjd2FlWktVWWtaQ1J3NUZ5VDVCeHpRVjZCcGw?oc=5"" target=""_blank"">Lawless: Food labelling ‘abuse’ happening in Irish supermarkets</a>&nbsp;&nbsp;<font color=""#6f6f6f"">Gript</font>","Sat, 14 Feb 2026 08:00:00 GMT",https://news.google.com/rss/articles/CBMihAFBVV95cUxNY280QVBsU0g3TW9QM0c3VTFsa0pkbTJ4LVJGekJoLS1zS0Q0X050X3lSRDJ4eDh3empnQzZVYkExVjM0ZEJtdDIxb1BtYWFTODl6TmpUUXAwenU0ZFFUbUc5TS01aVAzT0hjd2FlWktVWWtaQ1J3NUZ5VDVCeHpRVjZCcGw?oc=5,Gript
Consumer,Irish food quality prices agriculture consumers supermarkets,Farmers say supermarkets' cutting milk prices is a PR campaign to lure shoppers - Irish Examiner,"<a href=""https://news.google.com/rss/articles/CBMiZ0FVX3lxTE1FTEZqMzNtb0lCaU1oUXBRQnBVbkFoanhMaE9lbk9rRWkzeW43Q2FiTUl4M2hGcVA5NGw1WHk2REFhLVVIV0JhdFVLZ0s3TWVyWk5VZE5sY3dVRHpCS1RHNnUyNWQ5bEU?oc=5"" target=""_blank"">Farmers say supermarkets' cutting milk prices is a PR campaign to lure shoppers</a>&nbsp;&nbsp;<font color=""#6f6f6f"">Irish Examiner</font>","Tue, 14 Oct 2025 07:00:00 GMT",https://news.google.com/rss/articles/CBMiZ0FVX3lxTE1FTEZqMzNtb0lCaU1oUXBRQnBVbkFoanhMaE9lbk9rRWkzeW43Q2FiTUl4M2hGcVA5NGw1WHk2REFhLVVIV0JhdFVLZ0s3TWVyWk5VZE5sY3dVRHpCS1RHNnUyNWQ5bEU?oc=5,Irish Examiner
Consumer,Irish food quality prices agriculture consumers supermarkets,Quality assurance has higher market value - Irish Farmers Journal,"<a href=""https://news.google.com/rss/articles/CBMinAFBVV95cUxPbURyZm16TzE3cXo0ZjlPRXg4MC1jNW96RUxTNTNXQlVnR1p6d2oteGN5endYWU9WbThKNmZuVHN6MXhCX3g5X0pSX3c0ZV9ibE4yS09GaFlwSnZxdkdqSWp2b2pEVlZIRGs2S21xeGRsWXVsWl91aG5ER3pTM05ncmI3RXBNSjNOSmR0TWEwRlpuY3hZRGpGVVlycms?oc=5"" target=""_blank"">Quality assurance has higher market value</a>&nbsp;&nbsp;<font color=""#6f6f6f"">Irish Farmers Journal</font>","Sun, 01 Mar 2026 14:07:59 GMT",https://news.google.com/rss/articles/CBMinAFBVV95cUxPbURyZm16TzE3cXo0ZjlPRXg4MC1jNW96RUxTNTNXQlVnR1p6d2oteGN5endYWU9WbThKNmZuVHN6MXhCX3g5X0pSX3c0ZV9ibE4yS09GaFlwSnZxdkdqSWp2b2pEVlZIRGs2S21xeGRsWXVsWl91aG5ER3pTM05ncmI3RXBNSjNOSmR0TWEwRlpuY3hZRGpGVVlycms?oc=5,Irish Farmers Journal
Consumer,Irish food quality prices agriculture consumers supermarkets,€600 food shop hike truth & grim 'cost of doing business' reality…3 ways to save - The Irish Sun,"<a href=""https://news.google.com/rss/articles/CBMikwFBVV95cUxNLXpMMGliZjZGWXFmVzZVMkZHNWd3SHIzclB1NHVuV2pZTWpYeENGVEo5UmJITi0xZGlSR2tCLVRmWlkzQ3lwcXoyYUk3RmM4bHptZWMzUmJZR2Z4X243YzNROS1SeEpUQWNRSU9KSFJyRld6MGdaUFc3QnVIdW95YUpIVHhlYXZnWjFXbGxjQUpQM2s?oc=5"" target=""_blank"">€600 food shop hike truth & grim 'cost of doing business' reality…3 ways to save</a>&nbsp;&nbsp;<font color=""#6f6f6f"">The Irish Sun</font>","Fri, 27 Mar 2026 07:00:00 GMT",https://news.google.com/rss/articles/CBMikwFBVV95cUxNLXpMMGliZjZGWXFmVzZVMkZHNWd3SHIzclB1NHVuV2pZTWpYeENGVEo5UmJITi0xZGlSR2tCLVRmWlkzQ3lwcXoyYUk3RmM4bHptZWMzUmJZR2Z4X243YzNROS1SeEpUQWNRSU9KSFJyRld6MGdaUFc3QnVIdW95YUpIVHhlYXZnWjFXbGxjQUpQM2s?oc=5,The Irish Sun
Consumer,Irish food quality prices agriculture consumers supermarkets,‘So who is ripping us off?’ – dismay as watchdog finds no evidence of supermarket price gouging despite costs surging - Irish Independent,"<a href=""https://news.google.com/rss/articles/CBMi_wFBVV95cUxPOXBHY016Sk9FenZSWXZ0NzQ0SS00WXd0YzJ1WUpITHB2ZnRyVjlBWVJmekp5VS1DN0ctbWlRclVXRTVpb004VjBRb3FMWjFjNjlNYWdjWE03OURmR3UtalZiaFRvaW54d2Y0YVBIQkl2UG42d0c4VDAtZEg0LW9heXl6NWxVM0FnaWZSOFZvb0ZiS1dFa2pEbFVFa2Q4MFFZY3hObEF4amV3SllFQnRod2ZwSTJlRUt0SFNLanJWbFNyQkp2M0dJc2FSdzRFY0F0b1dHT2R4R1V3MS1YZWdfVnRUYnV6bFNoMWExTnM5M01TbXo3RWpaeXNvWm5NY1k?oc=5"" target=""_blank"">‘So who is ripping us off?’ – dismay as watchdog finds no evidence of supermarket price gouging despite costs surging</a>&nbsp;&nbsp;<font color=""#6f6f6f"">Irish Independent</font>","Thu, 07 Aug 2025 07:00:00 GMT",https://news.google.com/rss/articles/CBMi_wFBVV95cUxPOXBHY016Sk9FenZSWXZ0NzQ0SS00WXd0YzJ1WUpITHB2ZnRyVjlBWVJmekp5VS1DN0ctbWlRclVXRTVpb004VjBRb3FMWjFjNjlNYWdjWE03OURmR3UtalZiaFRvaW54d2Y0YVBIQkl2UG42d0c4VDAtZEg0LW9heXl6NWxVM0FnaWZSOFZvb0ZiS1dFa2pEbFVFa2Q4MFFZY3hObEF4amV3SllFQnRod2ZwSTJlRUt0SFNLanJWbFNyQkp2M0dJc2FSdzRFY0F0b1dHT2R4R1V3MS1YZWdfVnRUYnV6bFNoMWExTnM5M01TbXo3RWpaeXNvWm5NY1k?oc=5,Irish Independent
Consumer,Irish food quality prices agriculture consumers supermarkets,Morrisons Mucks In: Supermarket champions farming community with the Great British Farm-Fest 2026 Sponsorship - Morrisons Corporate,"<a href=""https://news.google.com/rss/articles/CBMigwJBVV95cUxPZi1XQ2M5aU5WRGtQV0FFc1dlYUF4NzQtNnpJcEtzODFtYVpfZlJ5Tk83c1BINkpXYTk0YWZhUnBzVUFyZmNLZkZjRFFnSFB2NE5mVHJ6S1Zpbmh3ZmtaaVdzcy1NNU5qUTNQaXZWNEFYclY2c2pYdUdYNFppbWNGVE9Zdzl1NnZFTTlBd2dMY2t5M0lPVktCcTZTUWZXOGZHOVhCcFdsRVZ0RkV3azctY1p5ZXI2MUhsV0pUdlE3LXY0S3lsMWh5eU9nNmVkYmFHQU81RFRBMlBNZ0VKWGNjVk96Q1g2N1M5OGlsUXB4OFpSZnpVLTdIWUxDYmVKOEdfd09z?oc=5"" target=""_blank"">Morrisons Mucks In: Supermarket champions farming community with the Great British Farm-Fest 2026 Sponsorship</a>&nbsp;&nbsp;<font color=""#6f6f6f"">Morrisons Corporate</font>","Fri, 27 Feb 2026 08:00:00 GMT",https://news.google.com/rss/articles/CBMigwJBVV95cUxPZi1XQ2M5aU5WRGtQV0FFc1dlYUF4NzQtNnpJcEtzODFtYVpfZlJ5Tk83c1BINkpXYTk0YWZhUnBzVUFyZmNLZkZjRFFnSFB2NE5mVHJ6S1Zpbmh3ZmtaaVdzcy1NNU5qUTNQaXZWNEFYclY2c2pYdUdYNFppbWNGVE9Zdzl1NnZFTTlBd2dMY2t5M0lPVktCcTZTUWZXOGZHOVhCcFdsRVZ0RkV3azctY1p5ZXI2MUhsV0pUdlE3LXY0S3lsMWh5eU9nNmVkYmFHQU81RFRBMlBNZ0VKWGNjVk96Q1g2N1M5OGlsUXB4OFpSZnpVLTdIWUxDYmVKOEdfd09z?oc=5,Morrisons Corporate
Consumer,Irish food quality prices agriculture consumers supermarkets,Why is the price I'm paying for steak going up and up? - RTE.ie,"<a href=""https://news.google.com/rss/articles/CBMitgFBVV95cUxOQW43TnJxS09FRzhmaDh3cHROTG1DZXBEbUh3ZjRNX2dJR0RGR0RaVHp1V1VDUnBJVEJhTTYzbERDd09KS3kwejBKMDl1THZSLXhXQVJtblU2SW1fZHZ5TEUwNHNhdHBOOXhMbDI0TFhtb1ktU2tBaVhXYUhxSHo1NFRfUkFJV2xnMWw4c2IyX01HR01iWW81M1hSWEJDZm5tbEljMDNVeFk3ZVFLR0RqMTE0WmVMZw?oc=5"" target=""_blank"">Why is the price I'm paying for steak going up and up?</a>&nbsp;&nbsp;<font color=""#6f6f6f"">RTE.ie</font>","Fri, 27 Jun 2025 07:00:00 GMT",https://news.google.com/rss/articles/CBMitgFBVV95cUxOQW43TnJxS09FRzhmaDh3cHROTG1DZXBEbUh3ZjRNX2dJR0RGR0RaVHp1V1VDUnBJVEJhTTYzbERDd09KS3kwejBKMDl1THZSLXhXQVJtblU2SW1fZHZ5TEUwNHNhdHBOOXhMbDI0TFhtb1ktU2tBaVhXYUhxSHo1NFRfUkFJV2xnMWw4c2IyX01HR01iWW81M1hSWEJDZm5tbEljMDNVeFk3ZVFLR0RqMTE0WmVMZw?oc=5,RTE.ie
Consumer,Irish food quality prices agriculture consumers supermarkets,Survey: Almost half of consumers list price as top factor when buying food - Agriland,"<a href=""https://news.google.com/rss/articles/CBMisAFBVV95cUxNc1JkZ3FBbGdNMHI3eE9ZMld0MHdSY284UGZmYlg5US1IS3VidHdnOGd0aGFtamZ6Um1WSGtmV0N5VDhGTm12YlI5MGRsNTlab3I2RENjQmJlTUJRaVRScmFWR3Z3WDdXRHdJZk5PYzQwYzM1ZHB1bF9QWk9ZTlhyZW5XcjdCWlI4aXpuM2o3bVlCbDZxeVNxZHphSFFrYU83c3k4c1BuR0oyMDRMZW9qYg?oc=5"" target=""_blank"">Survey: Almost half of consumers list price as top factor when buying food</a>&nbsp;&nbsp;<font color=""#6f6f6f"">Agriland</font>","Wed, 15 Jun 2022 07:00:00 GMT",https://news.google.com/rss/articles/CBMisAFBVV95cUxNc1JkZ3FBbGdNMHI3eE9ZMld0MHdSY284UGZmYlg5US1IS3VidHdnOGd0aGFtamZ6Um1WSGtmV0N5VDhGTm12YlI5MGRsNTlab3I2RENjQmJlTUJRaVRScmFWR3Z3WDdXRHdJZk5PYzQwYzM1ZHB1bF9QWk9ZTlhyZW5XcjdCWlI4aXpuM2o3bVlCbDZxeVNxZHphSFFrYU83c3k4c1BuR0oyMDRMZW9qYg?oc=5,Agriland
Consumer,Irish food quality prices agriculture consumers supermarkets,Farmwashing and food labelling in Ireland: what the small print reveals - Irish Farmers Journal,"<a href=""https://news.google.com/rss/articles/CBMiuAFBVV95cUxQMjBMY0RMaVJHaTIzcl9PQU9GVVR3cVVjR3ljV1R6Z0RTOW9rZHQ5emRqMzdrd1lUTDJGb3hwREN6QjZ2RDh4U1R5OE9SdkNRNEM2T1kxcnVwNDNrLTVCRmhkRUNGYTZrckZCMm81WG1GNkppUWJuekhua0l5ZG9fZWhtcFowS3haVng0SnYtU3Exdk84NnVzbG04NmprcGttMGdjdl9LM2pBSmIwbHpMOFBtcTRqOVBP?oc=5"" target=""_blank"">Farmwashing and food labelling in Ireland: what the small print reveals</a>&nbsp;&nbsp;<font color=""#6f6f6f"">Irish Farmers Journal</font>","Wed, 18 Feb 2026 22:46:41 GMT",https://news.google.com/rss/articles/CBMiuAFBVV95cUxQMjBMY0RMaVJHaTIzcl9PQU9GVVR3cVVjR3ljV1R6Z0RTOW9rZHQ5emRqMzdrd1lUTDJGb3hwREN6QjZ2RDh4U1R5OE9SdkNRNEM2T1kxcnVwNDNrLTVCRmhkRUNGYTZrckZCMm81WG1GNkppUWJuekhua0l5ZG9fZWhtcFowS3haVng0SnYtU3Exdk84NnVzbG04NmprcGttMGdjdl9LM2pBSmIwbHpMOFBtcTRqOVBP?oc=5,Irish Farmers Journal
Consumer,Irish food quality prices agriculture consumers supermarkets,Angus Woods: Why we need more Irish beef products on supermarket shelves - Irish Independent,"<a href=""https://news.google.com/rss/articles/CBMiwAFBVV95cUxQN0xuaFFBV0djZnh6UjRHTmYzUnJZQjFSY20tcWMwcUYtRGZ2blVybzhzUWlnUFkxdHJ5ZEZNOXVuUkFDTm5RSXFqZzREYnJIZFREU0Jqc3VBZ2J5VDB5VV82OFJwMERyRWFsY1pMeS1IR1Z6WVEzVnI5R2hQX0UxNlN3d25BeDVyMU0wcGNfSG8zblZseTNpY0RQN2tkN2pwMnMwUFM1c002ejE4WkJSY3FQOVN5WnByWXR4akh5UG8?oc=5"" target=""_blank"">Angus Woods: Why we need more Irish beef products on supermarket shelves</a>&nbsp;&nbsp;<font color=""#6f6f6f"">Irish Independent</font>","Mon, 16 Jun 2025 07:00:00 GMT",https://news.google.com/rss/articles/CBMiwAFBVV95cUxQN0xuaFFBV0djZnh6UjRHTmYzUnJZQjFSY20tcWMwcUYtRGZ2blVybzhzUWlnUFkxdHJ5ZEZNOXVuUkFDTm5RSXFqZzREYnJIZFREU0Jqc3VBZ2J5VDB5VV82OFJwMERyRWFsY1pMeS1IR1Z6WVEzVnI5R2hQX0UxNlN3d25BeDVyMU0wcGNfSG8zblZseTNpY0RQN2tkN2pwMnMwUFM1c002ejE4WkJSY3FQOVN5WnByWXR4akh5UG8?oc=5,Irish Independent
Consumer,Irish food quality prices agriculture consumers supermarkets,Is pricier steak really on the cards for consumers? - Agriland,"<a href=""https://news.google.com/rss/articles/CBMikgFBVV95cUxNMHJFRktvVmJNeVRjd1JTSXlmam9uY2FPZGQ1OGdrMzllYjdpYzBIQkRLWWk0RmZHQ0dCektCUjROa1kzcXhVNTdMWG1qal9CbVFFOUpuYm83ckFRcEoyTVRoSE1BSjVzVHR0dGJhdmh5VURMNV9oN0FOTkFMSzRSSE1HTWgzS3hoS2w1d1QxRENqZw?oc=5"" target=""_blank"">Is pricier steak really on the cards for consumers?</a>&nbsp;&nbsp;<font color=""#6f6f6f"">Agriland</font>","Thu, 20 Mar 2025 07:00:00 GMT",https://news.google.com/rss/articles/CBMikgFBVV95cUxNMHJFRktvVmJNeVRjd1JTSXlmam9uY2FPZGQ1OGdrMzllYjdpYzBIQkRLWWk0RmZHQ0dCektCUjROa1kzcXhVNTdMWG1qal9CbVFFOUpuYm83ckFRcEoyTVRoSE1BSjVzVHR0dGJhdmh5VURMNV9oN0FOTkFMSzRSSE1HTWgzS3hoS2w1d1QxRENqZw?oc=5,Agriland
Consumer,Irish food quality prices agriculture consumers supermarkets,Bord Bia investigates use of QA mark by Irish supermarket - Agriland,"<a href=""https://news.google.com/rss/articles/CBMimgFBVV95cUxNTVUxTlo3WVpwcU5rWm1paXJfdDMxR202XzVLeUc0VWZWVkYzSWRZN2hrN01aYkMya1ZLd3BkbU9LOC1MWmd4TWR3bGhvVUhiem13RzJfWE1ZUF9zOGRXcXRScVRxcC0xeEVPLVVHZmE2ZzlIb3FjeWExbWxvVEMtSGxIczVCU2FoUEszT3lyQS1NVTR3bDM5MC1B?oc=5"" target=""_blank"">Bord Bia investigates use of QA mark by Irish supermarket</a>&nbsp;&nbsp;<font color=""#6f6f6f"">Agriland</font>","Wed, 06 Sep 2023 07:00:00 GMT",https://news.google.com/rss/articles/CBMimgFBVV95cUxNTVUxTlo3WVpwcU5rWm1paXJfdDMxR202XzVLeUc0VWZWVkYzSWRZN2hrN01aYkMya1ZLd3BkbU9LOC1MWmd4TWR3bGhvVUhiem13RzJfWE1ZUF9zOGRXcXRScVRxcC0xeEVPLVVHZmE2ZzlIb3FjeWExbWxvVEMtSGxIczVCU2FoUEszT3lyQS1NVTR3bDM5MC1B?oc=5,Agriland
Consumer,Irish food quality prices agriculture consumers supermarkets,Food price surge putting pressure on family budgets - Irish Independent,"<a href=""https://news.google.com/rss/articles/CBMirwFBVV95cUxPTmJHRkROZGk5S0YxMDR4MTZVcERnVEJjY0FMdGljejE1NGs1V2JpSXZ1T01xallQUWcxVWxzbS1RSlg3MURvMFotSks3RDh5S2JRbVdyc0RKNVVkVzlGSmVZbDk5aWhjMXZndno5QmQyU3R6YmFvZVRCbFpSb0FUX2VQSTAzMU1OQXZVVmdlRWJIcXVHMHZnQVJySDRrSS1IZXNqYXl4aGFTSlhqdkZR?oc=5"" target=""_blank"">Food price surge putting pressure on family budgets</a>&nbsp;&nbsp;<font color=""#6f6f6f"">Irish Independent</font>","Thu, 12 Jun 2025 07:00:00 GMT",https://news.google.com/rss/articles/CBMirwFBVV95cUxPTmJHRkROZGk5S0YxMDR4MTZVcERnVEJjY0FMdGljejE1NGs1V2JpSXZ1T01xallQUWcxVWxzbS1RSlg3MURvMFotSks3RDh5S2JRbVdyc0RKNVVkVzlGSmVZbDk5aWhjMXZndno5QmQyU3R6YmFvZVRCbFpSb0FUX2VQSTAzMU1OQXZVVmdlRWJIcXVHMHZnQVJySDRrSS1IZXNqYXl4aGFTSlhqdkZR?oc=5,Irish Independent
Consumer,Irish food quality prices agriculture consumers supermarkets,PGI 'Irish Grass Fed Beef' appears on Italian supermarket shelves - Agriland,"<a href=""https://news.google.com/rss/articles/CBMiowFBVV95cUxPb0VzY19uUWRpdlkxRlB4OTFPckJjd2lXNXI1YW1QWElHR1N3ajh2aDFraVRQTkVJTnhFRXpxV3kzaGp1LVpJalhvZkV0eTBDbWltMFdKa21qZTF4RUZ5cnBKTW01R1JtV3RyR0hDdUN5T2ZsTmJVOVVqbldwV0R6TVpxbmQwakRuSHVlUWFFSGJIUzFwcnRsSGxSUkdUXzhfcEUw?oc=5"" target=""_blank"">PGI 'Irish Grass Fed Beef' appears on Italian supermarket shelves</a>&nbsp;&nbsp;<font color=""#6f6f6f"">Agriland</font>","Tue, 19 Mar 2024 07:00:00 GMT",https://news.google.com/rss/articles/CBMiowFBVV95cUxPb0VzY19uUWRpdlkxRlB4OTFPckJjd2lXNXI1YW1QWElHR1N3ajh2aDFraVRQTkVJTnhFRXpxV3kzaGp1LVpJalhvZkV0eTBDbWltMFdKa21qZTF4RUZ5cnBKTW01R1JtV3RyR0hDdUN5T2ZsTmJVOVVqbldwV0R6TVpxbmQwakRuSHVlUWFFSGJIUzFwcnRsSGxSUkdUXzhfcEUw?oc=5,Agriland
Consumer,Irish food quality prices agriculture consumers supermarkets,Food prices surge by up to 22pc as Finance Minister claims inflation will be lower overall in 2025 - Irish Independent,"<a href=""https://news.google.com/rss/articles/CBMi7gFBVV95cUxNa3RZQ3o3ZEZFSl85dTJZa1djR3FmT3pLVFQxTnpGNXRXZXBzS0tqa0JpLThzbzdIaG1YYlJLbDE0ejRQQlV6bTZkajV3UmR3bmt2NWlvWVBobUlOWHhYTF9RUG5qVlhpWGtVaDUwXy1TSUh3bU9pX2JUNkY4RFJWVGY3RmRXZEFoaEdxVDFLZkNUc1pNcU83VnZMeW5wRGRZSm16S29Hd3lWRWx2QndlQ0owb3RHakFkOFhDMXpBQ3JSMElOdFpVQ25OR29ZbUU1d2pfWWdJVUlKelNMSjA0Sy02clB3cGJ2MG5pLXNR?oc=5"" target=""_blank"">Food prices surge by up to 22pc as Finance Minister claims inflation will be lower overall in 2025</a>&nbsp;&nbsp;<font color=""#6f6f6f"">Irish Independent</font>","Thu, 10 Jul 2025 07:00:00 GMT",https://news.google.com/rss/articles/CBMi7gFBVV95cUxNa3RZQ3o3ZEZFSl85dTJZa1djR3FmT3pLVFQxTnpGNXRXZXBzS0tqa0JpLThzbzdIaG1YYlJLbDE0ejRQQlV6bTZkajV3UmR3bmt2NWlvWVBobUlOWHhYTF9RUG5qVlhpWGtVaDUwXy1TSUh3bU9pX2JUNkY4RFJWVGY3RmRXZEFoaEdxVDFLZkNUc1pNcU83VnZMeW5wRGRZSm16S29Hd3lWRWx2QndlQ0owb3RHakFkOFhDMXpBQ3JSMElOdFpVQ25OR29ZbUU1d2pfWWdJVUlKelNMSjA0Sy02clB3cGJ2MG5pLXNR?oc=5,Irish Independent
Consumer,Irish food quality prices agriculture consumers supermarkets,Supermarket wars: Aldi announces new series of price cuts - Agriland,"<a href=""https://news.google.com/rss/articles/CBMimgFBVV95cUxPWHlMX2l6cTBkRGQ3NFdfOGJ2RGFqM09VTDlYR0xBamRwOG8tS2NhNnVJSm9rbklKZ05lS0ZpUkY1TWxYN2gtbjRUbnM3eVlZLWNXZXFQcXNQTVV4MGdPSmN4MkUtTFJYWjhUU1B3c3Y0d184OE9KRDUwZGtqeGx0VS1FcFkxUUtFZS1ZR1FtX0NhY1NVaEwtdzF3?oc=5"" target=""_blank"">Supermarket wars: Aldi announces new series of price cuts</a>&nbsp;&nbsp;<font color=""#6f6f6f"">Agriland</font>","Wed, 03 Jan 2024 08:00:00 GMT",https://news.google.com/rss/articles/CBMimgFBVV95cUxPWHlMX2l6cTBkRGQ3NFdfOGJ2RGFqM09VTDlYR0xBamRwOG8tS2NhNnVJSm9rbklKZ05lS0ZpUkY1TWxYN2gtbjRUbnM3eVlZLWNXZXFQcXNQTVV4MGdPSmN4MkUtTFJYWjhUU1B3c3Y0d184OE9KRDUwZGtqeGx0VS1FcFkxUUtFZS1ZR1FtX0NhY1NVaEwtdzF3?oc=5,Agriland
Consumer,Irish food quality prices agriculture consumers supermarkets,Eddie Punch: I went to the supermarkets in France recently – and it was not cheap - Irish Independent,"<a href=""https://news.google.com/rss/articles/CBMiygFBVV95cUxNb1pRVWJHcjA5MkRLZkRLV2s4TkFicDlkZ08teDhkYXNKR015Q213N2sxSXdDeGQ0NzJ4OHN5em90aEhGbHM3MWROWXh6SC0xNlVyaW41bnppSElFa3V1MVNta2dqYXJJaFdDbTJUeWZPSDVwUkJKOHZmSE9XLWxXeW9yS3pBMlg2VnA0ajJIMGNVLTVMbDVHZW1sRzRuNENDWm9zVUpyQkVLcUl3YXFKeHpydzFVVE5iWWtYcWJhempVV1d2QlNvSUdn?oc=5"" target=""_blank"">Eddie Punch: I went to the supermarkets in France recently – and it was not cheap</a>&nbsp;&nbsp;<font color=""#6f6f6f"">Irish Independent</font>","Tue, 29 Jul 2025 07:00:00 GMT",https://news.google.com/rss/articles/CBMiygFBVV95cUxNb1pRVWJHcjA5MkRLZkRLV2s4TkFicDlkZ08teDhkYXNKR015Q213N2sxSXdDeGQ0NzJ4OHN5em90aEhGbHM3MWROWXh6SC0xNlVyaW41bnppSElFa3V1MVNta2dqYXJJaFdDbTJUeWZPSDVwUkJKOHZmSE9XLWxXeW9yS3pBMlg2VnA0ajJIMGNVLTVMbDVHZW1sRzRuNENDWm9zVUpyQkVLcUl3YXFKeHpydzFVVE5iWWtYcWJhempVV1d2QlNvSUdn?oc=5,Irish Independent
Consumer,Irish food quality prices agriculture consumers supermarkets,How to save on food bills as prices continue to rise - Irish Examiner,"<a href=""https://news.google.com/rss/articles/CBMic0FVX3lxTE9FTExjT3pvSHBBNm1jQ252bGNoNmFJT0pTWEo3MTVWX3duUkFYTGQzVnhlRTBFZ0RaU1Q2eV9WNGVjU1B3dU5JLXdNZXRJSkE2TUhaUVdRYXhGaEhxUG51bTdENG9pWXg2clZiSVVlSkNvWG8?oc=5"" target=""_blank"">How to save on food bills as prices continue to rise</a>&nbsp;&nbsp;<font color=""#6f6f6f"">Irish Examiner</font>","Fri, 27 Jun 2025 07:00:00 GMT",https://news.google.com/rss/articles/CBMic0FVX3lxTE9FTExjT3pvSHBBNm1jQ252bGNoNmFJT0pTWEo3MTVWX3duUkFYTGQzVnhlRTBFZ0RaU1Q2eV9WNGVjU1B3dU5JLXdNZXRJSkE2TUhaUVdRYXhGaEhxUG51bTdENG9pWXg2clZiSVVlSkNvWG8?oc=5,Irish Examiner
Consumer,Irish food quality prices agriculture consumers supermarkets,Strategic plans for era of volatile food pricing - Irish Examiner,"<a href=""https://news.google.com/rss/articles/CBMic0FVX3lxTFA5Q3FXbk8tZDNMdlRQbHhsSlVPQnJtUW5kM0Z2VkJnM0ZpVG5LeFRjczdRWUhocW8tTHFfYWdyT3R3WjBVRGE2WFAycVlpRWxIRy03VTJLdWQ3VmhFS0NPRU5iRkc1cTVkMFJnOGJqaVB0MkE?oc=5"" target=""_blank"">Strategic plans for era of volatile food pricing</a>&nbsp;&nbsp;<font color=""#6f6f6f"">Irish Examiner</font>","Fri, 21 Oct 2022 07:00:00 GMT",https://news.google.com/rss/articles/CBMic0FVX3lxTFA5Q3FXbk8tZDNMdlRQbHhsSlVPQnJtUW5kM0Z2VkJnM0ZpVG5LeFRjczdRWUhocW8tTHFfYWdyT3R3WjBVRGE2WFAycVlpRWxIRy03VTJLdWQ3VmhFS0NPRU5iRkc1cTVkMFJnOGJqaVB0MkE?oc=5,Irish Examiner
Consumer,Irish food quality prices agriculture consumers supermarkets,Leading Dutch supermarket confirms plans to 'slowly' remove Irish beef from shelves - Agriland,"<a href=""https://news.google.com/rss/articles/CBMiuwFBVV95cUxQU2VmZVV6VjJRU3RMZk04ekk3U3lxMVF5OVdKRUF5eW1zNlJiOEZkOHVRTzZTVTBhY3VlY1VYX0hjZmVaeFhfTHRlTnJ5NFVBa0NCdnJuMEpDSFV1VVdWbWp6ZGhtUWpHNjZGM0N4cGh5SGFtUldkeDJ2aXlIMjFydGlUMVNMWlp2TW1Gbk9IeWdUbzk1WDk5QmlCWjllWVE1c2pFQlgwOW5FaGc4TnV3MzdzNUdXT3cxdU1Z?oc=5"" target=""_blank"">Leading Dutch supermarket confirms plans to 'slowly' remove Irish beef from shelves</a>&nbsp;&nbsp;<font color=""#6f6f6f"">Agriland</font>","Wed, 25 Feb 2026 08:00:00 GMT",https://news.google.com/rss/articles/CBMiuwFBVV95cUxQU2VmZVV6VjJRU3RMZk04ekk3U3lxMVF5OVdKRUF5eW1zNlJiOEZkOHVRTzZTVTBhY3VlY1VYX0hjZmVaeFhfTHRlTnJ5NFVBa0NCdnJuMEpDSFV1VVdWbWp6ZGhtUWpHNjZGM0N4cGh5SGFtUldkeDJ2aXlIMjFydGlUMVNMWlp2TW1Gbk9IeWdUbzk1WDk5QmlCWjllWVE1c2pFQlgwOW5FaGc4TnV3MzdzNUdXT3cxdU1Z?oc=5,Agriland
