unnamed:_0,year_label,export_value,year,export_value_eur_million,category
Animal Feed,cy_2014_value,275833946,2014,275833946.0,Animal Feed
Animal Feed,cy_2014_tonnes,592343868.0,2014,592343868.0,Animal Feed
Animal Skins & Furs,cy_2014_value,165899703,2014,165899703.0,Animal Skins & Furs
Animal Skins & Furs,cy_2014_tonnes,84111347.0,2014,84111347.0,Animal Skins & Furs
Beef,cy_2014_value,2131278919,2014,2131278919.0,Beef
Beef,cy_2014_tonnes,509900120.0,2014,509900120.0,Beef
Beverages,cy_2014_value,1081305684,2014,1081305684.0,Beverages
Beverages,cy_2014_tonnes,738482119.0,2014,738482119.0,Beverages
Cereal & cereal preparation,cy_2014_value,322801212,2014,322801212.0,Cereal & cereal preparation
Cereal & cereal preparation,cy_2014_tonnes,211130677.0,2014,211130677.0,Cereal & cereal preparation
"Coffee, Tea, Cocoa & Spices",cy_2014_value,354280774,2014,354280774.0,"Coffee, Tea, Cocoa & Spices"
"Coffee, Tea, Cocoa & Spices",cy_2014_tonnes,53778251.0,2014,53778251.0,"Coffee, Tea, Cocoa & Spices"
Crude Animal & Vegetable Material,cy_2014_value,109179725,2014,109179725.0,Crude Animal & Vegetable Material
Crude Animal & Vegetable Material,cy_2014_tonnes,93446884.0,2014,93446884.0,Crude Animal & Vegetable Material
Dairy Produce,cy_2014_value,3874034126,2014,3874034126.0,Dairy Produce
Dairy Produce,cy_2014_tonnes,1114649483.0,2014,1114649483.0,Dairy Produce
Egg,cy_2014_value,16395700,2014,16395700.0,Egg
Egg,cy_2014_tonnes,6098519.0,2014,6098519.0,Egg
Fish,cy_2014_value,531577630,2014,531577630.0,Fish
Fish,cy_2014_tonnes,259511469.0,2014,259511469.0,Fish
Forestry & Wood products,cy_2014_value,394080580,2014,394080580.0,Forestry & Wood products
Forestry & Wood products,cy_2014_tonnes,1169882096.0,2014,1169882096.0,Forestry & Wood products
Fruit & Vegetables,cy_2014_value,170674527,2014,170674527.0,Fruit & Vegetables
Fruit & Vegetables,cy_2014_tonnes,91268255.0,2014,91268255.0,Fruit & Vegetables
Fruit & Vegetables Based Products,cy_2014_value,92385352,2014,92385352.0,Fruit & Vegetables Based Products
Fruit & Vegetables Based Products,cy_2014_tonnes,68600737.0,2014,68600737.0,Fruit & Vegetables Based Products
Grand Total,cy_2014_value,11574071609,2014,11574071609.0,Grand Total
Grand Total,cy_2014_tonnes,5767495599.0,2014,5767495599.0,Grand Total
Live Animals,cy_2014_value,405101480,2014,405101480.0,Live Animals
Live Animals,cy_2014_tonnes,95617455.0,2014,95617455.0,Live Animals
Miscellaneous Edible Products & Preparations,cy_2014_value,268338446,2014,268338446.0,Miscellaneous Edible Products & Preparations
Miscellaneous Edible Products & Preparations,cy_2014_tonnes,102086521.0,2014,102086521.0,Miscellaneous Edible Products & Preparations
"Oils, Fats & Oleaginous Fruits",cy_2014_value,64947738,2014,64947738.0,"Oils, Fats & Oleaginous Fruits"
"Oils, Fats & Oleaginous Fruits",cy_2014_tonnes,96606284.0,2014,96606284.0,"Oils, Fats & Oleaginous Fruits"
Other Meat & Meat Produce,cy_2014_value,53932252,2014,53932252.0,Other Meat & Meat Produce
Other Meat & Meat Produce,cy_2014_tonnes,70183409.0,2014,70183409.0,Other Meat & Meat Produce
Pigmeat,cy_2014_value,604448528,2014,604448528.0,Pigmeat
Pigmeat,cy_2014_tonnes,206901243.0,2014,206901243.0,Pigmeat
Poultry,cy_2014_value,333544063,2014,333544063.0,Poultry
Poultry,cy_2014_tonnes,117328768.0,2014,117328768.0,Poultry
Sheepmeat,cy_2014_value,208268095,2014,208268095.0,Sheepmeat
Sheepmeat,cy_2014_tonnes,44461622.0,2014,44461622.0,Sheepmeat
"Sugar, Sugar Preparation & Honey",cy_2014_value,103052411,2014,103052411.0,"Sugar, Sugar Preparation & Honey"
"Sugar, Sugar Preparation & Honey",cy_2014_tonnes,34388364.0,2014,34388364.0,"Sugar, Sugar Preparation & Honey"
"Wool, Flax & Cotton",cy_2014_value,12710718,2014,12710718.0,"Wool, Flax & Cotton"
"Wool, Flax & Cotton",cy_2014_tonnes,6718107.0,2014,6718107.0,"Wool, Flax & Cotton"
,cy_2014_value,,2014,,nan
,cy_2014_value, ,2014,,nan
,cy_2014_tonnes,,2014,,nan
,cy_2014_tonnes,,2014,,nan
Animal Feed,cy_2015_value,357959685.0,2015,357959685.0,Animal Feed
Animal Feed,cy_2015_tonnes,801959425.0,2015,801959425.0,Animal Feed
Animal Skins & Furs,cy_2015_value,152599108.0,2015,152599108.0,Animal Skins & Furs
Animal Skins & Furs,cy_2015_tonnes,83415151.0,2015,83415151.0,Animal Skins & Furs
Beef,cy_2015_value,2209079387.0,2015,2209079387.0,Beef
Beef,cy_2015_tonnes,486102085.0,2015,486102085.0,Beef
Beverages,cy_2015_value,1245962633.0,2015,1245962633.0,Beverages
Beverages,cy_2015_tonnes,788100530.0,2015,788100530.0,Beverages
Cereal & cereal preparation,cy_2015_value,350958309.0,2015,350958309.0,Cereal & cereal preparation
Cereal & cereal preparation,cy_2015_tonnes,230138699.0,2015,230138699.0,Cereal & cereal preparation
"Coffee, Tea, Cocoa & Spices",cy_2015_value,372411991.0,2015,372411991.0,"Coffee, Tea, Cocoa & Spices"
"Coffee, Tea, Cocoa & Spices",cy_2015_tonnes,63297124.0,2015,63297124.0,"Coffee, Tea, Cocoa & Spices"
Crude Animal & Vegetable Material,cy_2015_value,127353454.0,2015,127353454.0,Crude Animal & Vegetable Material
Crude Animal & Vegetable Material,cy_2015_tonnes,85208844.0,2015,85208844.0,Crude Animal & Vegetable Material
Dairy Produce,cy_2015_value,3944756196.0,2015,3944756196.0,Dairy Produce
Dairy Produce,cy_2015_tonnes,1191375177.0,2015,1191375177.0,Dairy Produce
Egg,cy_2015_value,16468359.0,2015,16468359.0,Egg
Egg,cy_2015_tonnes,5974769.0,2015,5974769.0,Egg
Fish,cy_2015_value,567845942.0,2015,567845942.0,Fish
Fish,cy_2015_tonnes,252027830.0,2015,252027830.0,Fish
Forestry & Wood products,cy_2015_value,394517392.0,2015,394517392.0,Forestry & Wood products
Forestry & Wood products,cy_2015_tonnes,1128135028.0,2015,1128135028.0,Forestry & Wood products
Fruit & Vegetables,cy_2015_value,176936388.0,2015,176936388.0,Fruit & Vegetables
Fruit & Vegetables,cy_2015_tonnes,76439234.0,2015,76439234.0,Fruit & Vegetables
Fruit & Vegetables Based Products,cy_2015_value,111853374.0,2015,111853374.0,Fruit & Vegetables Based Products
Fruit & Vegetables Based Products,cy_2015_tonnes,75548442.0,2015,75548442.0,Fruit & Vegetables Based Products
Grand Total,cy_2015_value,12264287859.0,2015,12264287859.0,Grand Total
Grand Total,cy_2015_tonnes,6081355820.0,2015,6081355820.0,Grand Total
Live Animals,cy_2015_value,430507794.0,2015,430507794.0,Live Animals
Live Animals,cy_2015_tonnes,78885410.0,2015,78885410.0,Live Animals
Miscellaneous Edible Products & Preparations,cy_2015_value,275190254.0,2015,275190254.0,Miscellaneous Edible Products & Preparations
Miscellaneous Edible Products & Preparations,cy_2015_tonnes,96954336.0,2015,96954336.0,Miscellaneous Edible Products & Preparations
"Oils, Fats & Oleaginous Fruits",cy_2015_value,63887436.0,2015,63887436.0,"Oils, Fats & Oleaginous Fruits"
"Oils, Fats & Oleaginous Fruits",cy_2015_tonnes,106309514.0,2015,106309514.0,"Oils, Fats & Oleaginous Fruits"
Other Meat & Meat Produce,cy_2015_value,56160495.0,2015,56160495.0,Other Meat & Meat Produce
Other Meat & Meat Produce,cy_2015_tonnes,71220865.0,2015,71220865.0,Other Meat & Meat Produce
Pigmeat,cy_2015_value,669770563.0,2015,669770563.0,Pigmeat
Pigmeat,cy_2015_tonnes,242173726.0,2015,242173726.0,Pigmeat
Poultry,cy_2015_value,323217566.0,2015,323217566.0,Poultry
Poultry,cy_2015_tonnes,124726422.0,2015,124726422.0,Poultry
Sheepmeat,cy_2015_value,241892626.0,2015,241892626.0,Sheepmeat
Sheepmeat,cy_2015_tonnes,48017463.0,2015,48017463.0,Sheepmeat
"Sugar, Sugar Preparation & Honey",cy_2015_value,158681219.0,2015,158681219.0,"Sugar, Sugar Preparation & Honey"
"Sugar, Sugar Preparation & Honey",cy_2015_tonnes,37071668.0,2015,37071668.0,"Sugar, Sugar Preparation & Honey"
"Wool, Flax & Cotton",cy_2015_value,16277689.0,2015,16277689.0,"Wool, Flax & Cotton"
"Wool, Flax & Cotton",cy_2015_tonnes,8274078.0,2015,8274078.0,"Wool, Flax & Cotton"
,cy_2015_value,,2015,,nan
,cy_2015_value,,2015,,nan
,cy_2015_tonnes,,2015,,nan
,cy_2015_tonnes,,2015,,nan
Animal Feed,cy_2016_value,321174450.0,2016,321174450.0,Animal Feed
Animal Feed,cy_2016_tonnes,727520311.0,2016,727520311.0,Animal Feed
Animal Skins & Furs,cy_2016_value,129962794.0,2016,129962794.0,Animal Skins & Furs
Animal Skins & Furs,cy_2016_tonnes,85624985.0,2016,85624985.0,Animal Skins & Furs
Beef,cy_2016_value,2267543517.0,2016,2267543517.0,Beef
Beef,cy_2016_tonnes,532611775.0,2016,532611775.0,Beef
Beverages,cy_2016_value,1304502816.0,2016,1304502816.0,Beverages
Beverages,cy_2016_tonnes,839219700.0,2016,839219700.0,Beverages
Cereal & cereal preparation,cy_2016_value,354637449.0,2016,354637449.0,Cereal & cereal preparation
Cereal & cereal preparation,cy_2016_tonnes,244023749.0,2016,244023749.0,Cereal & cereal preparation
"Coffee, Tea, Cocoa & Spices",cy_2016_value,374151238.0,2016,374151238.0,"Coffee, Tea, Cocoa & Spices"
"Coffee, Tea, Cocoa & Spices",cy_2016_tonnes,62175798.0,2016,62175798.0,"Coffee, Tea, Cocoa & Spices"
Crude Animal & Vegetable Material,cy_2016_value,124324194.0,2016,124324194.0,Crude Animal & Vegetable Material
Crude Animal & Vegetable Material,cy_2016_tonnes,88938521.0,2016,88938521.0,Crude Animal & Vegetable Material
Dairy Produce,cy_2016_value,4044990083.0,2016,4044990083.0,Dairy Produce
Dairy Produce,cy_2016_tonnes,1223420276.0,2016,1223420276.0,Dairy Produce
Egg,cy_2016_value,14065692.0,2016,14065692.0,Egg
Egg,cy_2016_tonnes,6585063.0,2016,6585063.0,Egg
Fish,cy_2016_value,554912615.0,2016,554912615.0,Fish
Fish,cy_2016_tonnes,201443170.0,2016,201443170.0,Fish
Forestry & Wood products,cy_2016_value,415891412.0,2016,415891412.0,Forestry & Wood products
Forestry & Wood products,cy_2016_tonnes,1248770160.0,2016,1248770160.0,Forestry & Wood products
Fruit & Vegetables,cy_2016_value,163609090.0,2016,163609090.0,Fruit & Vegetables
Fruit & Vegetables,cy_2016_tonnes,75705650.0,2016,75705650.0,Fruit & Vegetables
Fruit & Vegetables Based Products,cy_2016_value,116053604.0,2016,116053604.0,Fruit & Vegetables Based Products
Fruit & Vegetables Based Products,cy_2016_tonnes,87769945.0,2016,87769945.0,Fruit & Vegetables Based Products
Grand Total,cy_2016_value,12527142544.0,2016,12527142544.0,Grand Total
Grand Total,cy_2016_tonnes,6270736869.0,2016,6270736869.0,Grand Total
Live Animals,cy_2016_value,339977329.0,2016,339977329.0,Live Animals
Live Animals,cy_2016_tonnes,64823186.0,2016,64823186.0,Live Animals
Miscellaneous Edible Products & Preparations,cy_2016_value,367181943.0,2016,367181943.0,Miscellaneous Edible Products & Preparations
Miscellaneous Edible Products & Preparations,cy_2016_tonnes,91530029.0,2016,91530029.0,Miscellaneous Edible Products & Preparations
"Oils, Fats & Oleaginous Fruits",cy_2016_value,83637562.0,2016,83637562.0,"Oils, Fats & Oleaginous Fruits"
"Oils, Fats & Oleaginous Fruits",cy_2016_tonnes,130295410.0,2016,130295410.0,"Oils, Fats & Oleaginous Fruits"
Other Meat & Meat Produce,cy_2016_value,58327940.0,2016,58327940.0,Other Meat & Meat Produce
Other Meat & Meat Produce,cy_2016_tonnes,76838782.0,2016,76838782.0,Other Meat & Meat Produce
Pigmeat,cy_2016_value,733933371.0,2016,733933371.0,Pigmeat
Pigmeat,cy_2016_tonnes,265353457.0,2016,265353457.0,Pigmeat
Poultry,cy_2016_value,259630575.0,2016,259630575.0,Poultry
Poultry,cy_2016_tonnes,119603344.0,2016,119603344.0,Poultry
Sheepmeat,cy_2016_value,277105623.0,2016,277105623.0,Sheepmeat
Sheepmeat,cy_2016_tonnes,55844804.0,2016,55844804.0,Sheepmeat
"Sugar, Sugar Preparation & Honey",cy_2016_value,209199642.0,2016,209199642.0,"Sugar, Sugar Preparation & Honey"
"Sugar, Sugar Preparation & Honey",cy_2016_tonnes,35035217.0,2016,35035217.0,"Sugar, Sugar Preparation & Honey"
"Wool, Flax & Cotton",cy_2016_value,12329607.0,2016,12329607.0,"Wool, Flax & Cotton"
"Wool, Flax & Cotton",cy_2016_tonnes,7603537.0,2016,7603537.0,"Wool, Flax & Cotton"
,cy_2016_value,,2016,,nan
,cy_2016_value,,2016,,nan
,cy_2016_tonnes,,2016,,nan
,cy_2016_tonnes,,2016,,nan
Animal Feed,cy_2017_value,360734374.0,2017,360734374.0,Animal Feed
Animal Feed,cy_2017_tonnes,780711982.0,2017,780711982.0,Animal Feed
Animal Skins & Furs,cy_2017_value,138296733.0,2017,138296733.0,Animal Skins & Furs
Animal Skins & Furs,cy_2017_tonnes,92297087.0,2017,92297087.0,Animal Skins & Furs
Beef,cy_2017_value,2402515789.0,2017,2402515789.0,Beef
Beef,cy_2017_tonnes,547153484.0,2017,547153484.0,Beef
Beverages,cy_2017_value,1363532833.0,2017,1363532833.0,Beverages
Beverages,cy_2017_tonnes,825554930.0,2017,825554930.0,Beverages
Cereal & cereal preparation,cy_2017_value,386687632.0,2017,386687632.0,Cereal & cereal preparation
Cereal & cereal preparation,cy_2017_tonnes,266697643.0,2017,266697643.0,Cereal & cereal preparation
"Coffee, Tea, Cocoa & Spices",cy_2017_value,374029638.0,2017,374029638.0,"Coffee, Tea, Cocoa & Spices"
"Coffee, Tea, Cocoa & Spices",cy_2017_tonnes,64464266.0,2017,64464266.0,"Coffee, Tea, Cocoa & Spices"
Crude Animal & Vegetable Material,cy_2017_value,139384011.0,2017,139384011.0,Crude Animal & Vegetable Material
Crude Animal & Vegetable Material,cy_2017_tonnes,102497631.0,2017,102497631.0,Crude Animal & Vegetable Material
Dairy Produce,cy_2017_value,4740711195.0,2017,4740711195.0,Dairy Produce
Dairy Produce,cy_2017_tonnes,1374574653.0,2017,1374574653.0,Dairy Produce
Egg,cy_2017_value,24353204.0,2017,24353204.0,Egg
Egg,cy_2017_tonnes,8031631.0,2017,8031631.0,Egg
Fish,cy_2017_value,617531886.0,2017,617531886.0,Fish
Fish,cy_2017_tonnes,241425382.0,2017,241425382.0,Fish
Forestry & Wood products,cy_2017_value,434263754.0,2017,434263754.0,Forestry & Wood products
Forestry & Wood products,cy_2017_tonnes,1387384915.0,2017,1387384915.0,Forestry & Wood products
Fruit & Vegetables,cy_2017_value,162900481.0,2017,162900481.0,Fruit & Vegetables
Fruit & Vegetables,cy_2017_tonnes,74819480.0,2017,74819480.0,Fruit & Vegetables
Fruit & Vegetables Based Products,cy_2017_value,137712140.0,2017,137712140.0,Fruit & Vegetables Based Products
Fruit & Vegetables Based Products,cy_2017_tonnes,97259926.0,2017,97259926.0,Fruit & Vegetables Based Products
Grand Total,cy_2017_value,13913364141.0,2017,13913364141.0,Grand Total
Grand Total,cy_2017_tonnes,6779501715.0,2017,6779501715.0,Grand Total
Live Animals,cy_2017_value,440284362.0,2017,440284362.0,Live Animals
Live Animals,cy_2017_tonnes,72852962.0,2017,72852962.0,Live Animals
Miscellaneous Edible Products & Preparations,cy_2017_value,492174609.0,2017,492174609.0,Miscellaneous Edible Products & Preparations
Miscellaneous Edible Products & Preparations,cy_2017_tonnes,93660497.0,2017,93660497.0,Miscellaneous Edible Products & Preparations
"Oils, Fats & Oleaginous Fruits",cy_2017_value,94588087.0,2017,94588087.0,"Oils, Fats & Oleaginous Fruits"
"Oils, Fats & Oleaginous Fruits",cy_2017_tonnes,125001218.0,2017,125001218.0,"Oils, Fats & Oleaginous Fruits"
Other Meat & Meat Produce,cy_2017_value,59627207.0,2017,59627207.0,Other Meat & Meat Produce
Other Meat & Meat Produce,cy_2017_tonnes,81234726.0,2017,81234726.0,Other Meat & Meat Produce
Pigmeat,cy_2017_value,793698482.0,2017,793698482.0,Pigmeat
Pigmeat,cy_2017_tonnes,277324264.0,2017,277324264.0,Pigmeat
Poultry,cy_2017_value,278291351.0,2017,278291351.0,Poultry
Poultry,cy_2017_tonnes,136846360.0,2017,136846360.0,Poultry
Sheepmeat,cy_2017_value,310053686.0,2017,310053686.0,Sheepmeat
Sheepmeat,cy_2017_tonnes,62434029.0,2017,62434029.0,Sheepmeat
"Sugar, Sugar Preparation & Honey",cy_2017_value,154454505.0,2017,154454505.0,"Sugar, Sugar Preparation & Honey"
"Sugar, Sugar Preparation & Honey",cy_2017_tonnes,61798540.0,2017,61798540.0,"Sugar, Sugar Preparation & Honey"
"Wool, Flax & Cotton",cy_2017_value,7538185.0,2017,7538185.0,"Wool, Flax & Cotton"
"Wool, Flax & Cotton",cy_2017_tonnes,5476108.0,2017,5476108.0,"Wool, Flax & Cotton"
,cy_2017_value,,2017,,nan
,cy_2017_value,,2017,,nan
,cy_2017_tonnes,,2017,,nan
,cy_2017_tonnes,,2017,,nan
Animal Feed,cy_2018_value,385330749.0,2018,385330749.0,Animal Feed
Animal Feed,cy_2018_tonnes,808843409.0,2018,808843409.0,Animal Feed
Animal Skins & Furs,cy_2018_value,107690433.0,2018,107690433.0,Animal Skins & Furs
Animal Skins & Furs,cy_2018_tonnes,91608843.0,2018,91608843.0,Animal Skins & Furs
Beef,cy_2018_value,2434585755.0,2018,2434585755.0,Beef
Beef,cy_2018_tonnes,534541876.0,2018,534541876.0,Beef
Beverages,cy_2018_value,1443812983.0,2018,1443812983.0,Beverages
Beverages,cy_2018_tonnes,871005117.0,2018,871005117.0,Beverages
Cereal & cereal preparation,cy_2018_value,408023288.0,2018,408023288.0,Cereal & cereal preparation
Cereal & cereal preparation,cy_2018_tonnes,281439578.0,2018,281439578.0,Cereal & cereal preparation
"Coffee, Tea, Cocoa & Spices",cy_2018_value,385220840.0,2018,385220840.0,"Coffee, Tea, Cocoa & Spices"
"Coffee, Tea, Cocoa & Spices",cy_2018_tonnes,66371733.0,2018,66371733.0,"Coffee, Tea, Cocoa & Spices"
Crude Animal & Vegetable Material,cy_2018_value,130597212.0,2018,130597212.0,Crude Animal & Vegetable Material
Crude Animal & Vegetable Material,cy_2018_tonnes,122337077.0,2018,122337077.0,Crude Animal & Vegetable Material
Dairy Produce,cy_2018_value,4650418450.0,2018,4650418450.0,Dairy Produce
Dairy Produce,cy_2018_tonnes,1440030506.0,2018,1440030506.0,Dairy Produce
Egg,cy_2018_value,23582084.0,2018,23582084.0,Egg
Egg,cy_2018_tonnes,9149063.0,2018,9149063.0,Egg
Fish,cy_2018_value,576514622.0,2018,576514622.0,Fish
Fish,cy_2018_tonnes,226313590.0,2018,226313590.0,Fish
Forestry & Wood products,cy_2018_value,477410626.0,2018,477410626.0,Forestry & Wood products
Forestry & Wood products,cy_2018_tonnes,1415155087.0,2018,1415155087.0,Forestry & Wood products
Fruit & Vegetables,cy_2018_value,145708501.0,2018,145708501.0,Fruit & Vegetables
Fruit & Vegetables,cy_2018_tonnes,69097707.0,2018,69097707.0,Fruit & Vegetables
Fruit & Vegetables Based Products,cy_2018_value,176896030.0,2018,176896030.0,Fruit & Vegetables Based Products
Fruit & Vegetables Based Products,cy_2018_tonnes,117821473.0,2018,117821473.0,Fruit & Vegetables Based Products
Grand Total,cy_2018_value,13768666396.0,2018,13768666396.0,Grand Total
Grand Total,cy_2018_tonnes,7022670539.0,2018,7022670539.0,Grand Total
Live Animals,cy_2018_value,431525615.0,2018,431525615.0,Live Animals
Live Animals,cy_2018_tonnes,80826212.0,2018,80826212.0,Live Animals
Miscellaneous Edible Products & Preparations,cy_2018_value,264574146.0,2018,264574146.0,Miscellaneous Edible Products & Preparations
Miscellaneous Edible Products & Preparations,cy_2018_tonnes,97948539.0,2018,97948539.0,Miscellaneous Edible Products & Preparations
"Oils, Fats & Oleaginous Fruits",cy_2018_value,68745559.0,2018,68745559.0,"Oils, Fats & Oleaginous Fruits"
"Oils, Fats & Oleaginous Fruits",cy_2018_tonnes,113310241.0,2018,113310241.0,"Oils, Fats & Oleaginous Fruits"
Other Meat & Meat Produce,cy_2018_value,54542823.0,2018,54542823.0,Other Meat & Meat Produce
Other Meat & Meat Produce,cy_2018_tonnes,71382148.0,2018,71382148.0,Other Meat & Meat Produce
Pigmeat,cy_2018_value,828075422.0,2018,828075422.0,Pigmeat
Pigmeat,cy_2018_tonnes,283880142.0,2018,283880142.0,Pigmeat
Poultry,cy_2018_value,306220492.0,2018,306220492.0,Poultry
Poultry,cy_2018_tonnes,135745006.0,2018,135745006.0,Poultry
Sheepmeat,cy_2018_value,316004473.0,2018,316004473.0,Sheepmeat
Sheepmeat,cy_2018_tonnes,59760750.0,2018,59760750.0,Sheepmeat
"Sugar, Sugar Preparation & Honey",cy_2018_value,143777499.0,2018,143777499.0,"Sugar, Sugar Preparation & Honey"
"Sugar, Sugar Preparation & Honey",cy_2018_tonnes,119277067.0,2018,119277067.0,"Sugar, Sugar Preparation & Honey"
"Wool, Flax & Cotton",cy_2018_value,9408797.0,2018,9408797.0,"Wool, Flax & Cotton"
"Wool, Flax & Cotton",cy_2018_tonnes,6825376.0,2018,6825376.0,"Wool, Flax & Cotton"
,cy_2018_value,,2018,,nan
,cy_2018_value,,2018,,nan
,cy_2018_tonnes,,2018,,nan
,cy_2018_tonnes,,2018,,nan
Animal Feed,cy_2019_value,426793208.0,2019,426793208.0,Animal Feed
Animal Feed,cy_2019_tonnes,920134102.0,2019,920134102.0,Animal Feed
Animal Skins & Furs,cy_2019_value,74115644.0,2019,74115644.0,Animal Skins & Furs
Animal Skins & Furs,cy_2019_tonnes,75873739.0,2019,75873739.0,Animal Skins & Furs
Beef,cy_2019_value,2348871628.0,2019,2348871628.0,Beef
Beef,cy_2019_tonnes,528378576.0,2019,528378576.0,Beef
Beverages,cy_2019_value,1715261857.0,2019,1715261857.0,Beverages
Beverages,cy_2019_tonnes,966941507.0,2019,966941507.0,Beverages
Cereal & cereal preparation,cy_2019_value,489674618.0,2019,489674618.0,Cereal & cereal preparation
Cereal & cereal preparation,cy_2019_tonnes,259596783.0,2019,259596783.0,Cereal & cereal preparation
"Coffee, Tea, Cocoa & Spices",cy_2019_value,411072695.0,2019,411072695.0,"Coffee, Tea, Cocoa & Spices"
"Coffee, Tea, Cocoa & Spices",cy_2019_tonnes,69126897.0,2019,69126897.0,"Coffee, Tea, Cocoa & Spices"
Crude Animal & Vegetable Material,cy_2019_value,117075336.0,2019,117075336.0,Crude Animal & Vegetable Material
Crude Animal & Vegetable Material,cy_2019_tonnes,157242860.0,2019,157242860.0,Crude Animal & Vegetable Material
Dairy Produce,cy_2019_value,5164242160.0,2019,5164242160.0,Dairy Produce
Dairy Produce,cy_2019_tonnes,1735917905.0,2019,1735917905.0,Dairy Produce
Egg,cy_2019_value,20335886.0,2019,20335886.0,Egg
Egg,cy_2019_tonnes,9607535.0,2019,9607535.0,Egg
Fish,cy_2019_value,576811365.0,2019,576811365.0,Fish
Fish,cy_2019_tonnes,202387760.0,2019,202387760.0,Fish
Forestry & Wood products,cy_2019_value,466228946.0,2019,466228946.0,Forestry & Wood products
Forestry & Wood products,cy_2019_tonnes,1527423912.0,2019,1527423912.0,Forestry & Wood products
Fruit & Vegetables,cy_2019_value,159179647.0,2019,159179647.0,Fruit & Vegetables
Fruit & Vegetables,cy_2019_tonnes,85048473.0,2019,85048473.0,Fruit & Vegetables
Fruit & Vegetables Based Products,cy_2019_value,157692565.0,2019,157692565.0,Fruit & Vegetables Based Products
Fruit & Vegetables Based Products,cy_2019_tonnes,103262945.0,2019,103262945.0,Fruit & Vegetables Based Products
Grand Total,cy_2019_value,14653217609.0,2019,14653217609.0,Grand Total
Grand Total,cy_2019_tonnes,7557403130.0,2019,7557403130.0,Grand Total
Live Animals,cy_2019_value,454092757.0,2019,454092757.0,Live Animals
Live Animals,cy_2019_tonnes,85380552.0,2019,85380552.0,Live Animals
Miscellaneous Edible Products & Preparations,cy_2019_value,321193423.0,2019,321193423.0,Miscellaneous Edible Products & Preparations
Miscellaneous Edible Products & Preparations,cy_2019_tonnes,111119212.0,2019,111119212.0,Miscellaneous Edible Products & Preparations
"Oils, Fats & Oleaginous Fruits",cy_2019_value,71732614.0,2019,71732614.0,"Oils, Fats & Oleaginous Fruits"
"Oils, Fats & Oleaginous Fruits",cy_2019_tonnes,113939790.0,2019,113939790.0,"Oils, Fats & Oleaginous Fruits"
Other Meat & Meat Produce,cy_2019_value,20510624.0,2019,20510624.0,Other Meat & Meat Produce
Other Meat & Meat Produce,cy_2019_tonnes,35335154.0,2019,35335154.0,Other Meat & Meat Produce
Pigmeat,cy_2019_value,891520722.0,2019,891520722.0,Pigmeat
Pigmeat,cy_2019_tonnes,274532579.0,2019,274532579.0,Pigmeat
Poultry,cy_2019_value,291038413.0,2019,291038413.0,Poultry
Poultry,cy_2019_tonnes,143103442.0,2019,143103442.0,Poultry
Sheepmeat,cy_2019_value,317839964.0,2019,317839964.0,Sheepmeat
Sheepmeat,cy_2019_tonnes,61959516.0,2019,61959516.0,Sheepmeat
"Sugar, Sugar Preparation & Honey",cy_2019_value,150772999.0,2019,150772999.0,"Sugar, Sugar Preparation & Honey"
"Sugar, Sugar Preparation & Honey",cy_2019_tonnes,85405932.0,2019,85405932.0,"Sugar, Sugar Preparation & Honey"
"Wool, Flax & Cotton",cy_2019_value,7160539.0,2019,7160539.0,"Wool, Flax & Cotton"
"Wool, Flax & Cotton",cy_2019_tonnes,5683959.0,2019,5683959.0,"Wool, Flax & Cotton"
,cy_2019_value,,2019,,nan
,cy_2019_value,,2019,,nan
,cy_2019_tonnes,,2019,,nan
,cy_2019_tonnes,,2019,,nan
Animal Feed,cy_2020_value,458237352.0,2020,458237352.0,Animal Feed
Animal Feed,cy_2020_tonnes,945213536.0,2020,945213536.0,Animal Feed
Animal Skins & Furs,cy_2020_value,58636138.0,2020,58636138.0,Animal Skins & Furs
Animal Skins & Furs,cy_2020_tonnes,79266170.0,2020,79266170.0,Animal Skins & Furs
Beef,cy_2020_value,2334845719.0,2020,2334845719.0,Beef
Beef,cy_2020_tonnes,524709670.0,2020,524709670.0,Beef
Beverages,cy_2020_value,1458032691.0,2020,1458032691.0,Beverages
Beverages,cy_2020_tonnes,870026436.0,2020,870026436.0,Beverages
Cereal & cereal preparation,cy_2020_value,486499556.0,2020,486499556.0,Cereal & cereal preparation
Cereal & cereal preparation,cy_2020_tonnes,274912365.0,2020,274912365.0,Cereal & cereal preparation
"Coffee, Tea, Cocoa & Spices",cy_2020_value,420795074.0,2020,420795074.0,"Coffee, Tea, Cocoa & Spices"
"Coffee, Tea, Cocoa & Spices",cy_2020_tonnes,78207785.0,2020,78207785.0,"Coffee, Tea, Cocoa & Spices"
Crude Animal & Vegetable Material,cy_2020_value,116563466.0,2020,116563466.0,Crude Animal & Vegetable Material
Crude Animal & Vegetable Material,cy_2020_tonnes,192167467.0,2020,192167467.0,Crude Animal & Vegetable Material
Dairy Produce,cy_2020_value,5184179147.0,2020,5184179147.0,Dairy Produce
Dairy Produce,cy_2020_tonnes,1723485975.0,2020,1723485975.0,Dairy Produce
Egg,cy_2020_value,21456536.0,2020,21456536.0,Egg
Egg,cy_2020_tonnes,9275263.0,2020,9275263.0,Egg
Fish,cy_2020_value,532834520.0,2020,532834520.0,Fish
Fish,cy_2020_tonnes,201447153.0,2020,201447153.0,Fish
Forestry & Wood products,cy_2020_value,446595840.0,2020,446595840.0,Forestry & Wood products
Forestry & Wood products,cy_2020_tonnes,1390215165.0,2020,1390215165.0,Forestry & Wood products
Fruit & Vegetables,cy_2020_value,176659057.0,2020,176659057.0,Fruit & Vegetables
Fruit & Vegetables,cy_2020_tonnes,89713101.0,2020,89713101.0,Fruit & Vegetables
Fruit & Vegetables Based Products,cy_2020_value,151017209.0,2020,151017209.0,Fruit & Vegetables Based Products
Fruit & Vegetables Based Products,cy_2020_tonnes,106128431.0,2020,106128431.0,Fruit & Vegetables Based Products
Grand Total,cy_2020_value,14342967700.0,2020,14342967700.0,Grand Total
Grand Total,cy_2020_tonnes,7355412489.0,2020,7355412489.0,Grand Total
Live Animals,cy_2020_value,418660946.0,2020,418660946.0,Live Animals
Live Animals,cy_2020_tonnes,89031953.0,2020,89031953.0,Live Animals
Miscellaneous Edible Products & Preparations,cy_2020_value,338642317.0,2020,338642317.0,Miscellaneous Edible Products & Preparations
Miscellaneous Edible Products & Preparations,cy_2020_tonnes,108042625.0,2020,108042625.0,Miscellaneous Edible Products & Preparations
"Oils, Fats & Oleaginous Fruits",cy_2020_value,85409415.0,2020,85409415.0,"Oils, Fats & Oleaginous Fruits"
"Oils, Fats & Oleaginous Fruits",cy_2020_tonnes,114809452.0,2020,114809452.0,"Oils, Fats & Oleaginous Fruits"
Other Meat & Meat Produce,cy_2020_value,24547345.0,2020,24547345.0,Other Meat & Meat Produce
Other Meat & Meat Produce,cy_2020_tonnes,40142077.0,2020,40142077.0,Other Meat & Meat Produce
Pigmeat,cy_2020_value,893260927.0,2020,893260927.0,Pigmeat
Pigmeat,cy_2020_tonnes,276450055.0,2020,276450055.0,Pigmeat
Poultry,cy_2020_value,254909365.0,2020,254909365.0,Poultry
Poultry,cy_2020_tonnes,133339463.0,2020,133339463.0,Poultry
Sheepmeat,cy_2020_value,355680404.0,2020,355680404.0,Sheepmeat
Sheepmeat,cy_2020_tonnes,64096493.0,2020,64096493.0,Sheepmeat
"Sugar, Sugar Preparation & Honey",cy_2020_value,120715468.0,2020,120715468.0,"Sugar, Sugar Preparation & Honey"
"Sugar, Sugar Preparation & Honey",cy_2020_tonnes,41127277.0,2020,41127277.0,"Sugar, Sugar Preparation & Honey"
"Wool, Flax & Cotton",cy_2020_value,4789209.0,2020,4789209.0,"Wool, Flax & Cotton"
"Wool, Flax & Cotton",cy_2020_tonnes,3604578.0,2020,3604578.0,"Wool, Flax & Cotton"
,cy_2020_value,,2020,,nan
,cy_2020_value,,2020,,nan
,cy_2020_tonnes,,2020,,nan
,cy_2020_tonnes,,2020,,nan
Animal Feed,cy_2021_value,547833949.0,2021,547833949.0,Animal Feed
Animal Feed,cy_2021_tonnes,1094766505.0,2021,1094766505.0,Animal Feed
Animal Skins & Furs,cy_2021_value,74012631.0,2021,74012631.0,Animal Skins & Furs
Animal Skins & Furs,cy_2021_tonnes,73150174.0,2021,73150174.0,Animal Skins & Furs
Beef,cy_2021_value,2433113988.0,2021,2433113988.0,Beef
Beef,cy_2021_tonnes,455581188.0,2021,455581188.0,Beef
Beverages,cy_2021_value,1762277569.0,2021,1762277569.0,Beverages
Beverages,cy_2021_tonnes,872833241.0,2021,872833241.0,Beverages
Cereal & cereal preparation,cy_2021_value,506380282.0,2021,506380282.0,Cereal & cereal preparation
Cereal & cereal preparation,cy_2021_tonnes,271559818.0,2021,271559818.0,Cereal & cereal preparation
"Coffee, Tea, Cocoa & Spices",cy_2021_value,440369970.0,2021,440369970.0,"Coffee, Tea, Cocoa & Spices"
"Coffee, Tea, Cocoa & Spices",cy_2021_tonnes,76766130.0,2021,76766130.0,"Coffee, Tea, Cocoa & Spices"
Crude Animal & Vegetable Material,cy_2021_value,136517419.0,2021,136517419.0,Crude Animal & Vegetable Material
Crude Animal & Vegetable Material,cy_2021_tonnes,210335968.0,2021,210335968.0,Crude Animal & Vegetable Material
Dairy Produce,cy_2021_value,5194633566.0,2021,5194633566.0,Dairy Produce
Dairy Produce,cy_2021_tonnes,1645082203.0,2021,1645082203.0,Dairy Produce
Egg,cy_2021_value,37435447.0,2021,37435447.0,Egg
Egg,cy_2021_tonnes,10420873.0,2021,10420873.0,Egg
Fish,cy_2021_value,609232662.0,2021,609232662.0,Fish
Fish,cy_2021_tonnes,238277917.0,2021,238277917.0,Fish
Forestry & Wood products,cy_2021_value,690645317.0,2021,690645317.0,Forestry & Wood products
Forestry & Wood products,cy_2021_tonnes,1490013130.0,2021,1490013130.0,Forestry & Wood products
Fruit & Vegetables,cy_2021_value,220669081.0,2021,220669081.0,Fruit & Vegetables
Fruit & Vegetables,cy_2021_tonnes,96519633.0,2021,96519633.0,Fruit & Vegetables
Fruit & Vegetables Based Products,cy_2021_value,181900764.0,2021,181900764.0,Fruit & Vegetables Based Products
Fruit & Vegetables Based Products,cy_2021_tonnes,110216566.0,2021,110216566.0,Fruit & Vegetables Based Products
Grand Total,cy_2021_value,15613360086.0,2021,15613360086.0,Grand Total
Grand Total,cy_2021_tonnes,7477649954.0,2021,7477649954.0,Grand Total
Live Animals,cy_2021_value,545363871.0,2021,545363871.0,Live Animals
Live Animals,cy_2021_tonnes,93020397.0,2021,93020397.0,Live Animals
Miscellaneous Edible Products & Preparations,cy_2021_value,393881065.0,2021,393881065.0,Miscellaneous Edible Products & Preparations
Miscellaneous Edible Products & Preparations,cy_2021_tonnes,135440549.0,2021,135440549.0,Miscellaneous Edible Products & Preparations
"Oils, Fats & Oleaginous Fruits",cy_2021_value,114715966.0,2021,114715966.0,"Oils, Fats & Oleaginous Fruits"
"Oils, Fats & Oleaginous Fruits",cy_2021_tonnes,115310957.0,2021,115310957.0,"Oils, Fats & Oleaginous Fruits"
Other Meat & Meat Produce,cy_2021_value,30424148.0,2021,30424148.0,Other Meat & Meat Produce
Other Meat & Meat Produce,cy_2021_tonnes,5567557.0,2021,5567557.0,Other Meat & Meat Produce
Pigmeat,cy_2021_value,936393001.0,2021,936393001.0,Pigmeat
Pigmeat,cy_2021_tonnes,290946557.0,2021,290946557.0,Pigmeat
Poultry,cy_2021_value,240555329.0,2021,240555329.0,Poultry
Poultry,cy_2021_tonnes,95516326.0,2021,95516326.0,Poultry
Sheepmeat,cy_2021_value,386494518.0,2021,386494518.0,Sheepmeat
Sheepmeat,cy_2021_tonnes,58264311.0,2021,58264311.0,Sheepmeat
"Sugar, Sugar Preparation & Honey",cy_2021_value,123152673.0,2021,123152673.0,"Sugar, Sugar Preparation & Honey"
"Sugar, Sugar Preparation & Honey",cy_2021_tonnes,33798910.0,2021,33798910.0,"Sugar, Sugar Preparation & Honey"
"Wool, Flax & Cotton",cy_2021_value,7356870.0,2021,7356870.0,"Wool, Flax & Cotton"
"Wool, Flax & Cotton",cy_2021_tonnes,4261045.0,2021,4261045.0,"Wool, Flax & Cotton"
,cy_2021_value,,2021,,nan
,cy_2021_value,,2021,,nan
,cy_2021_tonnes,,2021,,nan
,cy_2021_tonnes,,2021,,nan
Animal Feed,cy_2022_value,698522188.0,2022,698522188.0,Animal Feed
Animal Feed,cy_2022_tonnes,1076282535.0,2022,1076282535.0,Animal Feed
Animal Skins & Furs,cy_2022_value,82714912.0,2022,82714912.0,Animal Skins & Furs
Animal Skins & Furs,cy_2022_tonnes,84799401.0,2022,84799401.0,Animal Skins & Furs
Beef,cy_2022_value,3054137271.0,2022,3054137271.0,Beef
Beef,cy_2022_tonnes,492121993.0,2022,492121993.0,Beef
Beverages,cy_2022_value,2060086203.0,2022,2060086203.0,Beverages
Beverages,cy_2022_tonnes,976531179.0,2022,976531179.0,Beverages
Cereal & cereal preparation,cy_2022_value,622398203.0,2022,622398203.0,Cereal & cereal preparation
Cereal & cereal preparation,cy_2022_tonnes,281156150.0,2022,281156150.0,Cereal & cereal preparation
"Coffee, Tea, Cocoa & Spices",cy_2022_value,487742739.0,2022,487742739.0,"Coffee, Tea, Cocoa & Spices"
"Coffee, Tea, Cocoa & Spices",cy_2022_tonnes,76910939.0,2022,76910939.0,"Coffee, Tea, Cocoa & Spices"
Crude Animal & Vegetable Material,cy_2022_value,155494534.0,2022,155494534.0,Crude Animal & Vegetable Material
Crude Animal & Vegetable Material,cy_2022_tonnes,201507446.0,2022,201507446.0,Crude Animal & Vegetable Material
Dairy Produce,cy_2022_value,6865174605.0,2022,6865174605.0,Dairy Produce
Dairy Produce,cy_2022_tonnes,1586499776.0,2022,1586499776.0,Dairy Produce
Egg,cy_2022_value,46307520.0,2022,46307520.0,Egg
Egg,cy_2022_tonnes,10715780.0,2022,10715780.0,Egg
Fish,cy_2022_value,644169526.0,2022,644169526.0,Fish
Fish,cy_2022_tonnes,201756062.0,2022,201756062.0,Fish
Forestry & Wood products,cy_2022_value,783029364.0,2022,783029364.0,Forestry & Wood products
Forestry & Wood products,cy_2022_tonnes,1548504740.0,2022,1548504740.0,Forestry & Wood products
Fruit & Vegetables,cy_2022_value,179286930.0,2022,179286930.0,Fruit & Vegetables
Fruit & Vegetables,cy_2022_tonnes,93719380.0,2022,93719380.0,Fruit & Vegetables
Fruit & Vegetables Based Products,cy_2022_value,199947436.0,2022,199947436.0,Fruit & Vegetables Based Products
Fruit & Vegetables Based Products,cy_2022_tonnes,111338825.0,2022,111338825.0,Fruit & Vegetables Based Products
Grand Total,cy_2022_value,18953674161.0,2022,18953674161.0,Grand Total
Grand Total,cy_2022_tonnes,7568567533.0,2022,7568567533.0,Grand Total
Live Animals,cy_2022_value,604981476.0,2022,604981476.0,Live Animals
Live Animals,cy_2022_tonnes,99212593.0,2022,99212593.0,Live Animals
Miscellaneous Edible Products & Preparations,cy_2022_value,424474110.0,2022,424474110.0,Miscellaneous Edible Products & Preparations
Miscellaneous Edible Products & Preparations,cy_2022_tonnes,116124502.0,2022,116124502.0,Miscellaneous Edible Products & Preparations
"Oils, Fats & Oleaginous Fruits",cy_2022_value,155305464.0,2022,155305464.0,"Oils, Fats & Oleaginous Fruits"
"Oils, Fats & Oleaginous Fruits",cy_2022_tonnes,119135056.0,2022,119135056.0,"Oils, Fats & Oleaginous Fruits"
Other Meat & Meat Produce,cy_2022_value,26004992.0,2022,26004992.0,Other Meat & Meat Produce
Other Meat & Meat Produce,cy_2022_tonnes,4374947.0,2022,4374947.0,Other Meat & Meat Produce
Pigmeat,cy_2022_value,956349613.0,2022,956349613.0,Pigmeat
Pigmeat,cy_2022_tonnes,285255605.0,2022,285255605.0,Pigmeat
Poultry,cy_2022_value,315107117.0,2022,315107117.0,Poultry
Poultry,cy_2022_tonnes,100737219.0,2022,100737219.0,Poultry
Sheepmeat,cy_2022_value,454573219.0,2022,454573219.0,Sheepmeat
Sheepmeat,cy_2022_tonnes,66501839.0,2022,66501839.0,Sheepmeat
"Sugar, Sugar Preparation & Honey",cy_2022_value,131228561.0,2022,131228561.0,"Sugar, Sugar Preparation & Honey"
"Sugar, Sugar Preparation & Honey",cy_2022_tonnes,30740906.0,2022,30740906.0,"Sugar, Sugar Preparation & Honey"
"Wool, Flax & Cotton",cy_2022_value,6638178.0,2022,6638178.0,"Wool, Flax & Cotton"
"Wool, Flax & Cotton",cy_2022_tonnes,4640658.0,2022,4640658.0,"Wool, Flax & Cotton"
,cy_2022_value,,2022,,nan
,cy_2022_value,,2022,,nan
,cy_2022_tonnes,,2022,,nan
,cy_2022_tonnes,,2022,,nan
Animal Feed,cy_2023_value,684084319.0,2023,684084319.0,Animal Feed
Animal Feed,cy_2023_tonnes,1046904.0,2023,1046904.0,Animal Feed
Animal Skins & Furs,cy_2023_value,73723445.0,2023,73723445.0,Animal Skins & Furs
Animal Skins & Furs,cy_2023_tonnes,78009.0,2023,78009.0,Animal Skins & Furs
Beef,cy_2023_value,2980188639.0,2023,2980188639.0,Beef
Beef,cy_2023_tonnes,484444.0,2023,484444.0,Beef
Beverages,cy_2023_value,1955161327.0,2023,1955161327.0,Beverages
Beverages,cy_2023_tonnes,1017347.0,2023,1017347.0,Beverages
Cereal & cereal preparation,cy_2023_value,695401498.0,2023,695401498.0,Cereal & cereal preparation
Cereal & cereal preparation,cy_2023_tonnes,303446.0,2023,303446.0,Cereal & cereal preparation
"Coffee, Tea, Cocoa & Spices",cy_2023_value,523825403.0,2023,523825403.0,"Coffee, Tea, Cocoa & Spices"
"Coffee, Tea, Cocoa & Spices",cy_2023_tonnes,71222.0,2023,71222.0,"Coffee, Tea, Cocoa & Spices"
Crude Animal & Vegetable Material,cy_2023_value,171306993.0,2023,171306993.0,Crude Animal & Vegetable Material
Crude Animal & Vegetable Material,cy_2023_tonnes,177624.0,2023,177624.0,Crude Animal & Vegetable Material
Dairy Produce,cy_2023_value,6358377423.0,2023,6358377423.0,Dairy Produce
Dairy Produce,cy_2023_tonnes,1666124.0,2023,1666124.0,Dairy Produce
Egg,cy_2023_value,46761196.0,2023,46761196.0,Egg
Egg,cy_2023_tonnes,11835.0,2023,11835.0,Egg
Fish,cy_2023_value,549418802.0,2023,549418802.0,Fish
Fish,cy_2023_tonnes,145581.0,2023,145581.0,Fish
Forestry & Wood products,cy_2023_value,645186882.0,2023,645186882.0,Forestry & Wood products
Forestry & Wood products,cy_2023_tonnes,1451996.0,2023,1451996.0,Forestry & Wood products
Fruit & Vegetables,cy_2023_value,166567836.0,2023,166567836.0,Fruit & Vegetables
Fruit & Vegetables,cy_2023_tonnes,86149.0,2023,86149.0,Fruit & Vegetables
Fruit & Vegetables Based Products,cy_2023_value,195800765.0,2023,195800765.0,Fruit & Vegetables Based Products
Fruit & Vegetables Based Products,cy_2023_tonnes,107391.0,2023,107391.0,Fruit & Vegetables Based Products
Grand Total,cy_2023_value,18136561197.0,2023,18136561197.0,Grand Total
Grand Total,cy_2023_tonnes,7424821.0,2023,7424821.0,Grand Total
Live Animals,cy_2023_value,746742279.0,2023,746742279.0,Live Animals
Live Animals,cy_2023_tonnes,102751.0,2023,102751.0,Live Animals
Miscellaneous Edible Products & Preparations,cy_2023_value,449937203.0,2023,449937203.0,Miscellaneous Edible Products & Preparations
Miscellaneous Edible Products & Preparations,cy_2023_tonnes,107819.0,2023,107819.0,Miscellaneous Edible Products & Preparations
"Oils, Fats & Oleaginous Fruits",cy_2023_value,139965470.0,2023,139965470.0,"Oils, Fats & Oleaginous Fruits"
"Oils, Fats & Oleaginous Fruits",cy_2023_tonnes,129324.0,2023,129324.0,"Oils, Fats & Oleaginous Fruits"
Other Meat & Meat Produce,cy_2023_value,22014975.0,2023,22014975.0,Other Meat & Meat Produce
Other Meat & Meat Produce,cy_2023_tonnes,5256.0,2023,5256.0,Other Meat & Meat Produce
Pigmeat,cy_2023_value,871816655.0,2023,871816655.0,Pigmeat
Pigmeat,cy_2023_tonnes,239158.0,2023,239158.0,Pigmeat
Poultry,cy_2023_value,285669974.0,2023,285669974.0,Poultry
Poultry,cy_2023_tonnes,88089.0,2023,88089.0,Poultry
Sheepmeat,cy_2023_value,413867435.0,2023,413867435.0,Sheepmeat
Sheepmeat,cy_2023_tonnes,64773.0,2023,64773.0,Sheepmeat
"Sugar, Sugar Preparation & Honey",cy_2023_value,153392788.0,2023,153392788.0,"Sugar, Sugar Preparation & Honey"
"Sugar, Sugar Preparation & Honey",cy_2023_tonnes,33929.0,2023,33929.0,"Sugar, Sugar Preparation & Honey"
"Wool, Flax & Cotton",cy_2023_value,7349892.0,2023,7349892.0,"Wool, Flax & Cotton"
"Wool, Flax & Cotton",cy_2023_tonnes,5650.0,2023,5650.0,"Wool, Flax & Cotton"
,cy_2023_value,,2023,,nan
,cy_2023_value,,2023,,nan
,cy_2023_tonnes,,2023,,nan
,cy_2023_tonnes,,2023,,nan
Animal Feed,cy_2024_value,691350169.0,2024,691350169.0,Animal Feed
Animal Feed,cy_2024_tonnes,1196862.0,2024,1196862.0,Animal Feed
Animal Skins & Furs,cy_2024_value,71948132.0,2024,71948132.0,Animal Skins & Furs
Animal Skins & Furs,cy_2024_tonnes,82014.0,2024,82014.0,Animal Skins & Furs
Beef,cy_2024_value,3100166933.0,2024,3100166933.0,Beef
Beef,cy_2024_tonnes,489002.0,2024,489002.0,Beef
Beverages,cy_2024_value,2199296606.0,2024,2199296606.0,Beverages
Beverages,cy_2024_tonnes,1110843.0,2024,1110843.0,Beverages
Cereal & cereal preparation,cy_2024_value,732198930.0,2024,732198930.0,Cereal & cereal preparation
Cereal & cereal preparation,cy_2024_tonnes,292784.0,2024,292784.0,Cereal & cereal preparation
"Coffee, Tea, Cocoa & Spices",cy_2024_value,544270116.0,2024,544270116.0,"Coffee, Tea, Cocoa & Spices"
"Coffee, Tea, Cocoa & Spices",cy_2024_tonnes,72503.0,2024,72503.0,"Coffee, Tea, Cocoa & Spices"
Crude Animal & Vegetable Material,cy_2024_value,179879599.0,2024,179879599.0,Crude Animal & Vegetable Material
Crude Animal & Vegetable Material,cy_2024_tonnes,187809.0,2024,187809.0,Crude Animal & Vegetable Material
Dairy Produce,cy_2024_value,6476113245.0,2024,6476113245.0,Dairy Produce
Dairy Produce,cy_2024_tonnes,1629680.0,2024,1629680.0,Dairy Produce
Egg,cy_2024_value,40934264.0,2024,40934264.0,Egg
Egg,cy_2024_tonnes,10864.0,2024,10864.0,Egg
Fish,cy_2024_value,598961683.0,2024,598961683.0,Fish
Fish,cy_2024_tonnes,152481.0,2024,152481.0,Fish
Forestry & Wood products,cy_2024_value,647529186.0,2024,647529186.0,Forestry & Wood products
Forestry & Wood products,cy_2024_tonnes,1529458.0,2024,1529458.0,Forestry & Wood products
Fruit & Vegetables,cy_2024_value,254218951.0,2024,254218951.0,Fruit & Vegetables
Fruit & Vegetables,cy_2024_tonnes,111680.0,2024,111680.0,Fruit & Vegetables
Fruit & Vegetables Based Products,cy_2024_value,207384278.0,2024,207384278.0,Fruit & Vegetables Based Products
Fruit & Vegetables Based Products,cy_2024_tonnes,130174.0,2024,130174.0,Fruit & Vegetables Based Products
Grand Total,cy_2024_value,19041421196.0,2024,19041421196.0,Grand Total
Grand Total,cy_2024_tonnes,7835681.0,2024,7835681.0,Grand Total
Live Animals,cy_2024_value,795687748.0,2024,795687748.0,Live Animals
Live Animals,cy_2024_tonnes,131071.0,2024,131071.0,Live Animals
Miscellaneous Edible Products & Preparations,cy_2024_value,562682780.0,2024,562682780.0,Miscellaneous Edible Products & Preparations
Miscellaneous Edible Products & Preparations,cy_2024_tonnes,125756.0,2024,125756.0,Miscellaneous Edible Products & Preparations
"Oils, Fats & Oleaginous Fruits",cy_2024_value,142622582.0,2024,142622582.0,"Oils, Fats & Oleaginous Fruits"
"Oils, Fats & Oleaginous Fruits",cy_2024_tonnes,140052.0,2024,140052.0,"Oils, Fats & Oleaginous Fruits"
Other Meat & Meat Produce,cy_2024_value,17696623.0,2024,17696623.0,Other Meat & Meat Produce
Other Meat & Meat Produce,cy_2024_tonnes,4748.0,2024,4748.0,Other Meat & Meat Produce
Pigmeat,cy_2024_value,892353745.0,2024,892353745.0,Pigmeat
Pigmeat,cy_2024_tonnes,249759.0,2024,249759.0,Pigmeat
Poultry,cy_2024_value,298869699.0,2024,298869699.0,Poultry
Poultry,cy_2024_tonnes,86056.0,2024,86056.0,Poultry
Sheepmeat,cy_2024_value,394512888.0,2024,394512888.0,Sheepmeat
Sheepmeat,cy_2024_tonnes,53217.0,2024,53217.0,Sheepmeat
"Sugar, Sugar Preparation & Honey",cy_2024_value,184072614.0,2024,184072614.0,"Sugar, Sugar Preparation & Honey"
"Sugar, Sugar Preparation & Honey",cy_2024_tonnes,40375.0,2024,40375.0,"Sugar, Sugar Preparation & Honey"
"Wool, Flax & Cotton",cy_2024_value,8670427.0,2024,8670427.0,"Wool, Flax & Cotton"
"Wool, Flax & Cotton",cy_2024_tonnes,8495.0,2024,8495.0,"Wool, Flax & Cotton"
,cy_2024_value,,2024,,nan
,cy_2024_value,,2024,,nan
,cy_2024_tonnes,,2024,,nan
,cy_2024_tonnes,,2024,,nan
Animal Feed,cy_2025_value,722738442.0,2025,722738442.0,Animal Feed
Animal Feed,cy_2025_tonnes,1251168.0,2025,1251168.0,Animal Feed
Animal Skins & Furs,cy_2025_value,62383712.0,2025,62383712.0,Animal Skins & Furs
Animal Skins & Furs,cy_2025_tonnes,82269.0,2025,82269.0,Animal Skins & Furs
Beef,cy_2025_value,3639886985.0,2025,3639886985.0,Beef
Beef,cy_2025_tonnes,458996.0,2025,458996.0,Beef
Beverages,cy_2025_value,2242733798.0,2025,2242733798.0,Beverages
Beverages,cy_2025_tonnes,1162653.0,2025,1162653.0,Beverages
Cereal & cereal preparation,cy_2025_value,709716572.0,2025,709716572.0,Cereal & cereal preparation
Cereal & cereal preparation,cy_2025_tonnes,278761.0,2025,278761.0,Cereal & cereal preparation
"Coffee, Tea, Cocoa & Spices",cy_2025_value,623005882.0,2025,623005882.0,"Coffee, Tea, Cocoa & Spices"
"Coffee, Tea, Cocoa & Spices",cy_2025_tonnes,63570.0,2025,63570.0,"Coffee, Tea, Cocoa & Spices"
Crude Animal & Vegetable Material,cy_2025_value,185402071.0,2025,185402071.0,Crude Animal & Vegetable Material
Crude Animal & Vegetable Material,cy_2025_tonnes,189570.0,2025,189570.0,Crude Animal & Vegetable Material
Dairy Produce,cy_2025_value,7232396029.0,2025,7232396029.0,Dairy Produce
Dairy Produce,cy_2025_tonnes,1957463.0,2025,1957463.0,Dairy Produce
Egg,cy_2025_value,42840647.0,2025,42840647.0,Egg
Egg,cy_2025_tonnes,10291.0,2025,10291.0,Egg
Fish,cy_2025_value,672619762.0,2025,672619762.0,Fish
Fish,cy_2025_tonnes,191047.0,2025,191047.0,Fish
Forestry & Wood products,cy_2025_value,689430707.0,2025,689430707.0,Forestry & Wood products
Forestry & Wood products,cy_2025_tonnes,1690447.0,2025,1690447.0,Forestry & Wood products
Fruit & Vegetables,cy_2025_value,257859702.0,2025,257859702.0,Fruit & Vegetables
Fruit & Vegetables,cy_2025_tonnes,118120.0,2025,118120.0,Fruit & Vegetables
Fruit & Vegetables Based Products,cy_2025_value,232512605.0,2025,232512605.0,Fruit & Vegetables Based Products
Fruit & Vegetables Based Products,cy_2025_tonnes,139972.0,2025,139972.0,Fruit & Vegetables Based Products
Grand Total,cy_2025_value,20821810609.0,2025,20821810609.0,Grand Total
Grand Total,cy_2025_tonnes,8453883.0,2025,8453883.0,Grand Total
Live Animals,cy_2025_value,881193283.0,2025,881193283.0,Live Animals
Live Animals,cy_2025_tonnes,134374.0,2025,134374.0,Live Animals
Miscellaneous Edible Products & Preparations,cy_2025_value,647809605.0,2025,647809605.0,Miscellaneous Edible Products & Preparations
Miscellaneous Edible Products & Preparations,cy_2025_tonnes,133821.0,2025,133821.0,Miscellaneous Edible Products & Preparations
"Oils, Fats & Oleaginous Fruits",cy_2025_value,143645956.0,2025,143645956.0,"Oils, Fats & Oleaginous Fruits"
"Oils, Fats & Oleaginous Fruits",cy_2025_tonnes,131547.0,2025,131547.0,"Oils, Fats & Oleaginous Fruits"
Other Meat & Meat Produce,cy_2025_value,15839421.0,2025,15839421.0,Other Meat & Meat Produce
Other Meat & Meat Produce,cy_2025_tonnes,4072.0,2025,4072.0,Other Meat & Meat Produce
Pigmeat,cy_2025_value,868969375.0,2025,868969375.0,Pigmeat
Pigmeat,cy_2025_tonnes,251699.0,2025,251699.0,Pigmeat
Poultry,cy_2025_value,347233665.0,2025,347233665.0,Poultry
Poultry,cy_2025_tonnes,90832.0,2025,90832.0,Poultry
Sheepmeat,cy_2025_value,396026170.0,2025,396026170.0,Sheepmeat
Sheepmeat,cy_2025_tonnes,49978.0,2025,49978.0,Sheepmeat
"Sugar, Sugar Preparation & Honey",cy_2025_value,196171174.0,2025,196171174.0,"Sugar, Sugar Preparation & Honey"
"Sugar, Sugar Preparation & Honey",cy_2025_tonnes,48097.0,2025,48097.0,"Sugar, Sugar Preparation & Honey"
"Wool, Flax & Cotton",cy_2025_value,11395045.0,2025,11395045.0,"Wool, Flax & Cotton"
"Wool, Flax & Cotton",cy_2025_tonnes,15136.0,2025,15136.0,"Wool, Flax & Cotton"
,cy_2025_value,,2025,,nan
,cy_2025_value,,2025,,nan
,cy_2025_tonnes,,2025,,nan
,cy_2025_tonnes,,2025,,nan
